可怜的小舞,,,李小璐,0
扫黑风暴,,,扫黑英雄,0
成人色情,,,色情男女,0
pgone kill the one,,,H1Z1（大逃亡模式）,0
我在他乡挺好的,我在他乡挺好的,,我在北京挺好的,0
google,google,,谷歌浏览器(Google Chrome),0
洪恩识字tv版,洪恩识字破解版ios,,凰图腾（TV版）,0
沙海49,沙海49集听到了什么,,沙海,0
环球聚氨脂网,聚氨脂联盟网,,环球网校,0
四五中文网,四五中文网客户端,,起点读书,0
眉山市环保局官网,眉山市环保局领导班子,,苹果官网,0
荐片app官方iOS,荐片app官方iOS,,恒星播放器,0
制怒,制怒,,怒放,0
电脑,电脑速成班,,陌陌 电脑版,0
广州南站,广州南站,,非凡搭档,0
自动穿线机,自动穿线机器,,电脑自动关机软件,0
光遇鹿角,光遇鹿角,,夜孔雀,0
日语自我介绍,日语自我介绍,,你好的日语,0
免费电视剧网站,哪个网站可以看免费vip的电视剧,,芸汐传,0
哦我的皇帝陛下电视剧免费观看,哦我的皇帝陛下电视剧免费观看全集,,哦我的鬼神大人,0
她的小梨涡,她的小梨涡小说全文免费阅读,,起点读书,0
底牌易克小说,都市沉浮 易克1 小说,,专业八字测算,0
心动的信号第四季,心动的信号第四季,,心动的信号,0
这就是街舞,这就是街舞第四季,,热血街舞团,0
万方,万方数据库,,SQL Server自动安装程序,0
人事网,人事考试网,,蜜月酒店杀人事件,0
庐江中学官网,庐江中学官网,,苹果官网,0
gender,gender是什么意思中文翻译,,绿茶妹,0
丹,丹羽孝希,,甄子丹,0
广岛之恋,广岛之恋,,日冕之恋,0
人渣绷带怎么做,人渣绷带怎么使用,,影音先锋云3D版,0
身份证假证,身份证制假,,身份证,0
3D开奖,,,传奇世界3D,0
中华工控网,中华工控网论坛,,中华好诗词,0
xxj,西行纪,,莽荒纪,0
美国,美国新冠疫情最新消息,,美国骗局,0
龙建集团,龙建集团,,鬼吹灯之牧野诡事,0
柠檬导航,,,柠檬初上,0
便民查询,便民查询网,,邮编查询,0
罗志祥为什么是时间管理,罗志祥为什么是时间管理大师,,极限挑战第二季,0
nekey,ne可以拼读吗,,日上免税店app,0
《白鹅》观后感,《白鹅》教案,,警察日记,0
扫黑风暴,,,扫黑英雄,0
乡村乱伦小说,撒野小说全文免费听,,听书软件大全,0
4399,4399游戏盒下载,,4399小游戏,0
冰球介绍,冬奥会冰球介绍,,孤战,0
美杜莎女王,美杜莎女王,,我的媳妇是女王,0
上游谍战迷,上游电视剧谍战迷,,邮差,0
全职法师第5季全集免费观看,全职法师第5季全集免费观看,,阿U第5季,0
好买基金官网,好买基金官网,,苹果官网,0
浙江卫视,浙江卫视节目表,,2016浙江卫视跨年晚会,0
快递100,快递100,,同桌100,0
宝书网小说txt免费下载,宝书网小说txt免费下载,,起点读书,0
共产党员网,共产党员网,,NBA直播软件大全,0
日杂,日杂相机,,魔漫相机,0
滦河站,滦河站,,NBA直播软件大全,0
4399,4399游戏盒下载,,4399小游戏,0
钢琴游戏,钢琴游戏,,2345游戏,0
南瓜影院,南瓜电影什么时候恢复,,惊魂电影院,0
qzzn,qzzn论坛,,NGA玩家社区,0
滤油机,滤油机的价格,,转运玉如意,0
收入多少是高收入人群,收入多少算高收入,,飞卢小说,0
八段锦什么时候练最好,八段锦什么时候练最好 怎么练?练几次?,,报告教练,0
上海,上海天气,,大上海 ,0
DJ,东京奥运会,,高音质DJ音乐盒,0
色狼了,,,起风了,0
恐龙简笔画,恐龙简笔画,,恐龙宝贝之失落的文明,0
马甲文,马甲文是什么意思,,百度文库 官方下载,0
拼多多商家版,拼多多商家版,,拼多多商家工作台,0
安能,安能物流单号查询,,韵达快递官方app,0
速度与激情9,速度与激情9在线观看完整,,速度与激情7,0
畅易阁,畅易阁,,天龙八部,0
胰腺功能,胰腺功能,,人人视频,0
BT种子,,,BT盒子(种子搜索器),0
萝卜,萝卜投研,,三只兔子,0
哔哔哩哔,哔哔哩哔哩漫画官网,,哔哩哔哩PC客户端,0
文案识别,文案识别app,,迅捷ocr文字识别,0
与君歌电视剧免费观看,与君歌电视剧免费观看完整版,,大秧歌,0
上海公积金,上海公积金,,大上海 ,0
扫黑风暴,,,扫黑英雄,0
王温暖,王温暖,,温暖的弦,0
中国福彩双色球开奖结果查询,中国福彩双色球开奖结果查询,,CNKI全球学术快报,0
scienceslides安装教程,scienceslides破解版,,SQL Server自动安装程序,0
火线突破,火线突击破解版下载,,火线魔盒,0
恐龙简笔画,恐龙简笔画,,恐龙宝贝之失落的文明,0
高h文,,,ifunbox(iPhone文件管理),0
哆啦a梦,哆啦a梦伴我同行2,,哆啦a梦,0
画画,画画图片大全,,刘亦菲,0
派尔多斯,派尔多斯报警,,鄂尔多斯风暴,0
暖气编号怎么查询,暖气缴费编号怎么查询,,专业八字测算,0
江苏商贸,江苏商贸职业学院,,花样年华第2季,0
柠檬观看,向往的生活第一季柠檬观看,,柠檬初上,0
数字货币现货交易,数字货币现货交易是什么意思,,绿茶妹,0
猫可以喝牛奶不,成年猫可以喝牛奶吗,,男人不可以穷,0
4399,4399游戏盒下载,,4399小游戏,0
绝地狙杀,绝地狙杀,,绝地逃亡,0
4399,4399游戏盒下载,,4399小游戏,0
比东优,比东优是什么,,星球者联盟,0
163,163 邮箱,,网易邮箱,0
海洋蓝,海洋蓝色是什么颜色,,嗨蓝朋友,0
爱的迫降,爱的迫降,,爱的阶梯,0
养高蛋白质虫技术,蛋白质高的昆虫,,女总裁的贴身高手,0
励志名言,励志名言短句霸气,,名人语录,0
刘询什么病死的,刘询字什么,,亲爱的客栈,0
中国达人秀,中国达人秀东北小伙保卫萝卜完整版,,中国达人秀,0
" OECD 的分类方法",,,开运水晶手串,0
养生主题,养生主题,,妖医,0
吉吉,吉吉,,吉吉影音播放器,0
证券之星,证券之星,,逆袭之星途璀璨,0
朝花夕拾探讨主题20字,朝花夕拾主题50字,,你的名字,0
腾讯冷兵器吃鸡,腾讯冷兵器吃鸡手游,,和平精英 电脑版,0
大鹏教育官网,大鹏教育官网,,苹果官网,0
党的优良传统是什么?,党的优良传统方面存在的问题,,知乎,0
车晓,车晓,,搭错车,0
911黄历,911黄历,,万年历,0
李明华为什么下架,李明华为什么贵,,大唐荣耀,0
宝书网小说txt免费下载网站,宝书网小说txt免费下载,,起点读书,0
女人邦,女人邦,,美人邦,0
66人体,,,武媚娘传奇,0
命运2是什么游戏,命运2是什么游戏,,饥饿游戏2,0
使爆炸的英文,使爆炸的英文,,天使的城,0
学蛙泳的步骤,"学蛙泳的步骤,按顺序",,走近科学,0
4399,4399游戏盒下载,,4399小游戏,0
武汉肿瘤医院,武汉肿瘤医院哪个最好,,求职app推荐,0
手机号码测爱情运小游戏,手机号码测爱情财运,,A测试之爱情大冒险,0
附魔-1-300,附魔1300省钱攻略,,多玩DNF盒子,0
818湖南台晚会,818湖南台晚会节目单,,春节联欢晚会,0
采购管理专家,采购管理的目标,,拆弹·专家,0
漼,漼怎么读,,2345看图王,0
赖,赖小民,,别想打扰我学习,0
WDZ-BYJ,wdz-byj是什么电线,,绿茶妹,0
幼儿园,幼儿园教师师德师风承诺书,,问卷网,0
周生如故免费观看西瓜,周生如故免费观看西瓜视频,,游泳先生,0
"无极变速,自动变速箱的哪个好",车无极变速和自动变速箱什么区别,,电脑自动关机软件,0
联想官网,联想官网网上商城,,苹果官网,0
http://www.monogatari-series.com/2ndseason,,,京东,0
央视少儿没有好看动画,好看的少儿动画,,千与千寻,0
分手大师,分手大师图片,,分手大师,0
蓝导航,萌导航,,嗨蓝朋友,0
经典人文地理,经典人文地理,,经典传奇,0
冬瓜天龙,冬瓜天龙八部官网,,天龙八部,0
破云开车章节,破云中的开车章节,,杀破狼3,0
使充气的英文,使充气的英文短语,,天使的城,0
扫黑风暴,,,扫黑英雄,0
拼多多,拼多多,,拼多多上货助理,0
4399,4399游戏盒下载,,4399小游戏,0
玖玖资源站,,,影音先锋云3D版,0
墨燕鱼,墨燕鱼,,仙女湖之墨仙,0
cod 9,,,猪猪侠9,0
天空之城,天空之城简谱,,敢问路在何方,0
windows10激活密钥,windows10激活密钥,,office2019,0
UG10.0中，如何设置可视化精准,ug10.0如何设置角色,,万能数据恢复大师,0
巴厘岛,巴厘岛是哪个国家的,,杜拉拉追婚记,0
征兵网,征兵网,,NBA直播软件大全,0
党性分析,党性分析材料 个人2021,,八字姻缘分析,0
古田路,古田路9号,,狭路,0
摩天轮演唱会,摩天轮演唱会一路向北,,2016浙江卫视跨年晚会,0
小浪解说游戏,小浪解说游戏,,小游戏大全,0
红色故事,红色故事演讲稿3-5分钟,,红色,0
还有谁简谱,全世界还有谁简谱,,敢问路在何方,0
星星免费png,星星免费听,,消灭星星,0
中国农业大学,中国农业大学,,中国新歌声,0
笑话,笑话大全 爆笑简短,,十万个冷笑话2,0
读书报告是什么意思,读书报告的摘要是什么意思,,绿茶妹,0
徐州城建,徐州城建吧,,百姓网官方app,0
曾经的你,曾经的你吉他谱,,你好的日语,0
山东省教育云服务平台,山东省教育云服务平台,,智慧树,0
桌酷,桌酷,,酷我音乐盒最新版,0
rsd计算公式,rsd计算公式excel,,标准体重,0
云南机电职业技术学校官网,云南机电职业技术学校官网录取查询,,梦想新大陆,0
b,北京普惠健康保,,私奔B计划,0
骑士影院,,,钢铁骑士,0
罗志祥事件,罗志祥事件,,蜜月酒店杀人事件,0
你是我的荣耀,你是我的荣耀,,荣耀大天使,0
mj什么意思,mj什么意思,,绿茶妹,0
观察者网,观察者网,,NBA直播软件大全,0
官欲,光遇,,夜孔雀,0
天道电视剧36集完整版,天道电视剧36集完整版,,封神榜,0
星际战甲pt专精,星际战甲pt水专精,,Tencent WeGame（原TGP腾讯游戏平台）,0
死亡不掉落指令,死亡不掉落指令,,我的世界(Minecraft),0
华为mate50,华为mate50,,华为电脑管家,0
10,10万左右买什么车好,,ie10中文版,0
假面骑士时王,假面骑士时王免费观看,,时尚王,0
pokemmo论坛,pokemmo论坛,,NGA玩家社区,0
4410,441001,,2345影视大全下载,0
react的导入功能,react登录注册功能,,网易邮箱,0
2345软件管家,2345软件管家怎么彻底删除,,女管家,0
多美卡,多美卡,,因为爱情有多美,0
24 26,,,24小时:末路重生,0
计算器 如何开根号,,,雨课堂直播,0
你是我的荣耀,你是我的荣耀,,荣耀大天使,0
女孩突然腰疼,女性腰疼,,19楼,0
捷克人是白人吗,,,这就是生活,0
赵丽颖,赵丽颖道歉,,赵丽颖,0
西安交通大学第二附属医院,西安交通大学第二附属医院,,邻家诗话第二季,0
欢喜密探,欢喜密探,,欢喜密探,0
乌海,乌海在哪,,神奇动物在哪里,0
仁者无敌的敌指的是,仁者无敌的敌意思,,不可思议的爱情,0
Cμ  Cγ1,,,我们仨,0
b,北京普惠健康保,,私奔B计划,0
本田思域2相版,本田思域运动版曝光,,百度网盘(原百度云管家),0
翻生武林,翻生武林,,生死翻盘,0
柯南,柯南,,绝海的侦探,0
857是什么意思,857是什么意思,,绿茶妹,0
剑灵,剑灵,,剑灵,0
益盟,益盟操盘手手机版软件官网下载,,新商盟订烟系统,0
深圳网络营销,深圳网络营销软件,,深圳合租记,0
NET HELPMSG 2182 ,,,.NET Framework,0
码云官网,码云官网,,职教云课堂PC端,0
百世TV,百视tv下载,,芒果tv,0
win10企业版,win10企业版激活密钥,,boss直聘,0
DASD-682,dasd-682剧情,,猜拳,0
繁星的少年,追寻繁星的少年,,妖精的尾巴:魔导少年,0
第一掌门小说,第一掌门小说叫什么,,你好乔安,0
南昌,南昌天气,,天气预爆,0
揭阳招聘网,揭阳招聘网,,前程无忧电脑版,0
17173,17173官网,,17173手游官方下载,0
扫黑风暴,,,扫黑英雄,0
学情分析方案,学情分析方案,,星座爱情学,0
http//lib.zy91.com/web/,,,微信 电脑版,0
斗破苍穹txt,斗破苍穹txt,,斗破苍穹,0
歌手林志炫,歌手林志炫,,歌手,0
忘不了,忘不了鱼,,斗鱼,0
三角函数计算器,三角函数计算器,,在线计算器,0
SIM探测器,sim卡探测器,,古墓丽影10：崛起,0
机械革命官网,机械革命官网,,苹果官网,0
电泳天堂,电影天堂电视剧大全,,一念天堂,0
高途课堂app下载,高途课堂app下载,,腾讯课堂,0
心衰能打羽毛球吗,,,万能苹果恢复大师,0
外盘平台,外盘平台比较好的,,叫外卖软件大全,0
番茄全影大全,番茄影大全下载,,NBA直播软件大全,0
特种兵之霹雳火电视剧全集免费观看,特种兵之霹雳火电视剧全集免费观看爱奇艺,,游泳先生,0
螃蟹的洗法,螃蟹的洗法技巧,,五笔打字练习,0
警察照片,警察照片高清图片,,警察日记,0
f(x 2)*(1-f(x))=1 f(x),,,嫌疑人X的献身,0
第二教育网,第二教育网,,邻家诗话第二季,0
m ,美女,,万能播放器,0
阿富汗国家,阿富汗国家简介,,国家底线,0
霍比特人,霍比特人和指环王顺序,,人人视频,0
浙江电子税务局,浙江电子税务局官网登录,,百度网盘(原百度云管家),0
蜘蛛纸牌,蜘蛛纸牌,,蜘蛛侠,0
人人通,人人通学生账号登录平台登录,,人人视频,0
脑筋急转弯大全及答案 爆笑版,,,生活大爆笑,0
越战先峰,越战先峰3片尾曲,,尖锋,0
韩国好看的家庭剧,韩国好看的家庭剧,,韩剧TV,0
我不是野人,我不是野人,,我不是药神,0
别想打扰我我学习,,,别想打扰我学习,0
师百卉,师百卉多少钱一平尺,,化妆师,0
jmcmic,jmcmic原神漫画,,野良神,0
塔利班是什么组织,塔利班是什么组织怎么建立的,,知乎,0
电脑安全管家,电脑安全管家哪个好,,2345安全卫士,0
66,66手游,,武媚娘传奇,0
吴亦凡,吴亦凡最新事件进展,,吴亦凡,0
孙果果,孙果果,,孙俪,0
恐怖,恐怖复苏,,恐怖残响,0
电视剧少帅,电视剧少帅48全集免费观看,,少帅,0
则秀网官网,仿真秀官网,,易企秀,0
知末网,知末网,,CNKI全球学术快报,0
红尘烟雨之手全文免费阅读全章,红尘烟雨,,一粒红尘,0
男头像,男头像动漫 冷酷 帅气 霸气,,头像,0
四川人力资源,四川人力资源和社会保障局,,麻将游戏,0
一直想飞的猫,一直想飞的猫告诉我们什么道理?,,pdf猫pdf转图片,0
易打单登录,易打单登录,,云译客,0
广场舞,广场舞视频大全2021年最火广场舞,,广场舞,0
快跑者店长端下载电脑版,,,王者荣耀 电脑稳定版,0
熊出没之怪兽计划,熊出没之怪兽计划,,熊出没之熊心归来,0
北京化工大学,北京化工大学,,北京青年,0
卡路里,卡路里,,燃烧吧卡路里,0
这就是街舞第四季,这就是街舞第四季,,中国新声代第四季,0
小鸡总动员,小鸡总动员,,超人总动员2,0
黄小龙易筋经小说,黄小龙易筋经小说txt下载,,武动乾坤,0
你是我的荣耀电视剧免费观看,你是我的荣耀电视剧免费观看全集,,你是我的姐妹,0
信用中国,信用中国官网查询,,苹果官网,0
活着歌曲,活着歌曲原唱,,活着再见,0
学国学网,学国学网,,学乐云,0
加强人生,加强人生规划意识手抄报,,飞驰人生,0
liuhuangshu,刘皇叔演员叫什么名字,,演员的诞生,0
深圳,深圳天气,,深圳合租记,0
志愿昆山,志愿昆山,,明星志愿,0
征兵,征兵网,,NBA直播软件大全,0
觉醒年代免费观看全集,觉醒年代免费观看全集完整版,,风云年代,0
黎明,黎明之剑,,血色黎明,0
龙岩号,龙岩电信号码,,U号租,0
绝对心动,绝对心动,,绝对双刃,0
99 god,,,黑暗之魂2原罪学者,0
中国记者网记者证查询,中国记者网记者证查询 手机版,,CNKI全球学术快报,0
与君歌电视剧免费观看完整版,与君歌电视剧免费观看完整版31,,大秧歌,0
五号特工组拍摄,五号特工组拍摄地,,五号特工组2,0
小海影视,电影小海影视,,奇米影视盒,0
香蕉怎么保存,香蕉怎么保存时间长,,百度网盘(原百度云管家),0
gmail邮箱登录,gmail邮箱登录,,189邮箱,0
孙小果,孙小果,,小苹果同名游戏,0
缅甸国博东方,缅甸博果东方,,相声有新人,0
我很重要,我很重要毕淑敏原文,,放弃我抓紧我,0
勇者之忍,勇者之刃手机版下载,,士兵突击之勇者奇兵,0
十全数据,十全数据网,,失易得数据恢复,0
安慧媛,安慧媛,,素媛,0
清世祖,清世祖,,绝世高手,0
教父,教父2,,NBA直播软件大全,0
利箭行动 免费播放,,,万能播放器,0
科学实验报告,科学实验报告,,走近科学,0
宝宝巴士动画片全集,宝宝巴士动画片全集,,神魄,0
51,51talk英语怎么样 学费多少钱,,5173游戏交易下载,0
五化工作总结,五化建设工作总结,,专业八字测算,0
改则县融媒体中心,,,第一财经新媒体,0
唐三重生,唐三重生,,重生细胞,0
八字排盘,八字排盘,,专业八字测算,0
电视剧,电视剧,,电视剧之王,0
鸡精什么是,鸡精用什么代替,,我不是潘金莲,0
4399小游戏,4399小游戏,,4399小游戏,0
朋友伴奏MV,朋友伴奏mv下载,,功夫瑜伽,0
香椿的味道,香椿的味道阅读答案,,熟悉的味道,0
汽车,汽车之家,,汽车之家客户端,0
爱谁谁词,爱谁谁歌词,,鲛珠传,0
西行纪,西行纪,,莽荒纪,0
zyxw,中央新闻联播,,CBox央视影音,0
" http://www.17xueba.com",,,京东,0
企鹅,企鹅,,企鹅FM,0
时评内容,时评内容概括,,绝密543,0
大学之道,"大学之道在明明德,在亲民,在止于至善",,怪兽大学,0
虾皮官网,虾皮官网,,苹果官网,0
骁,骁怎么读,,2345看图王,0
tl799材质,,,大师开光文昌笔,0
免费豆瓣电视剧一诺无悔,电视剧一诺无悔剧情介绍,,金玉瑶,0
法治报告,云盖寺镇法治报告,,报告教练,0
bi,bilibili,,Big Man,0
严选商城官网,严选商城官网下载,,苏宁易购,0
" 免费电引",免费用电政策,,引爆者,0
你是我的荣耀,你是我的荣耀,,荣耀大天使,0
大肠杆菌功能,大肠杆菌功能,,人人视频,0
建信融通,建信融通,,微信 电脑版,0
中国移动,中国移动网上营业厅,,139邮箱 官方下载,0
不卑不亢,不卑不亢是什么意思,,绿茶妹,0
邮件地址怎么注册,邮件地址怎么注册,,百度贴吧 官方下载,0
雷达币,雷达币今日行情,,IP雷达,0
小牛G0,小牛g0破解速度,,百度网盘(原百度云管家),0
回复,回复术士的重启人生,,丁香医生,0
pad软件,ipad软件下载,,NBA直播软件大全,0
三角形接法功率计算,三角形接法功率计算公式,,标准体重,0
陕西师范网络教育学院官网,陕西师范远程网络教育学院官网,,风行网络电视,0
狟,狟怎么读,,2345看图王,0
龙王传说,龙王传说,,斗罗大陆,0
少年风水师,少年风水师,,少年班,0
4399小游戏,4399小游戏,,4399小游戏,0
粤考云,粤考运安下载,,窃听风云2,0
宝宝学汉字软件,宝宝学字软件用哪个好,,变声宝宝 下载,0
长征毛泽东,,,长征大会师,0
知网,知网可以检索外文文献吗,,CNKI全球学术快报,0
2345,2345天气预报,,2345加速浏览器,0
鲜衣怒马少年时,鲜衣怒马少年时,,我们的少年时代,0
细胞的骨架是什么,细胞的骨架是什么高中,,知乎,0
神奇的工作室,神奇的工作室最新网站,,YY语音(歪歪语音),0
狗头,狗头鱼,,斗鱼,0
163,163 邮箱,,网易邮箱,0
idm下载器,idm下载器,,免费图片素材批量下载器,0
孙小果,孙小果,,小苹果同名游戏,0
警察殉职,警察殉职给多少抚恤金,,警察日记,0
理想之城,理想之城电视剧免费观看,,幻乐之城,0
伊春网上好玩的,伊春哪里好玩,,魔法王座,0
女医明妃传电视剧免费观看全集,女医明妃传电视剧免费观看全集,,游泳先生,0
医生节,医生节日是几月几号中国,,儿科医生,0
doax.cc,doaxcc图包,,金馆长斗图表情包,0
特洛,特洛伊,,夏洛特烦恼,0
理想之城,理想之城,,幻乐之城,0
宏碁官网,宏碁官网,,苹果官网,0
安卓,安卓,,360手机卫士 安卓版,0
" 日本zoozoo",日本zoomic是什么牌子,,狙击小日本,0
车轮考驾照2021最新版,车轮驾考通2021最新版下载,,驾考宝典,0
天龙SF,天龙sf,,天龙八部,0
菊豆下载,菊豆下载地址,,财付通 下载,0
张起灵,张起灵,,007：幽灵党,0
女性小穴,,,19楼,0
美国,美国新冠疫情最新消息,,美国骗局,0
766,766公交车路线和时间,,火线魔盒,0
药物目录,国家基本药物目录,,银魂,0
4 499,,,YY4480首播影院,0
4399小游戏,4399小游戏,,4399小游戏,0
芭比,芭比馒头,,芭比之珍珠公主,0
叉车,叉车证怎么考,,驾考宝典电脑版2017,0
抖一中,抖一中chovy,,抖屏,0
知 末,,,知乎,0
利辛县人民政府官网,利辛县人民政府官网,,苹果官网,0
永劫无间,永劫无间,,无间道,0
长征电视剧,长征电视剧,,长征大会师,0
cs6序列号永久激活,ai cs6序列号永久激活,,魔法王座,0
漂亮书生,漂亮书生,,夜行书生,0
李雪琴,李雪琴,,中国超模,0
破坏领主,破坏领主哪个职业流派厉害,,雪鹰领主,0
深圳市最新定额是哪一年的,深圳市最新建筑定额,,我的初恋是暗恋,0
TMD,tmd是什么意思,,绿茶妹,0
灰太狼小时候,灰太狼小时候,,喜羊羊与灰太狼之发明大作战,0
亲爱的爸妈,亲爱的爸妈,,小爸妈,0
http://sdzb.manage.yxlearning.com/,,,京东,0
狗狗,狗狗币,,汪汪队立大功 第4季,0
"www,maturehotporn,com",,,17173手游官方下载,0
shenruifang,沈瑞芳,,沈腾,0
云顶天宫免费观看完整版,云顶天宫免费观看完整版,,天将雄师,0
我家繁星,我家繁星app下载,,繁星四月,0
亲爱的爸妈,亲爱的爸妈,,小爸妈,0
永劫无间,永劫无间,,无间道,0
4399小游戏,4399小游戏,,4399小游戏,0
vmware12,vmware12许可证密钥,,office2019,0
4399,4399游戏盒下载,,4399小游戏,0
Adobe Flash Player,,,Windows Media Player,0
FME,fmea什么意思,,绿茶妹,0
she,she,,青春旅社,0
Windows服务在哪,win10服务在哪里打开,,Windows Media Player,0
少年歌行西瓜影视,少年歌行第一季西瓜影视,,我的恶魔少爷,0
西游记,西游记之再世妖王免费观看完整版,,西游记女儿国,0
红色地毯,红色地毯图片,,红色,0
大洋机电,大洋机电股票股吧,,80s手机电影 下载,0
1896年奥运会,1906年奥运会,,里约奥运会直播,0
多多印网,多多印网站转让,,拼多多商家工作台,0
众赢财富通下载,众赢财富通下载一个多少钱,,东方财富,0
正义骑士剧情介绍,正义骑士 剧情,,孤战,0
百分之十怎么配,百分之十怎么配高渗盐水,,三生三世十里桃花,0
163,163 邮箱,,网易邮箱,0
4399,4399游戏盒下载,,4399小游戏,0
蜡烛湾,蜡烛湾,,台湾往事,0
163,163 邮箱,,网易邮箱,0
小说排行榜2020前十名,小说排行榜2020前十名,,FIFA2020 中文版,0
今日渤海,今日渤海网,,今日说法,0
邮政快递单号查询,邮政快递单号查询,,邮编查询,0
英腾医学官网,英腾医学官网下载,,腾讯网游加速器,0
豆绿色,豆绿色显白还是显黑,,豆娘,0
北上资金指的是什么,北上资金指的是什么意思,,北上广不相信眼泪,0
结婚40年是什么婚,结婚40年是什么婚,,生肖本命佛,0
梦境ol,梦境ol充值比例,,梦境规划局,0
张家口和宣化哪个好,张家口和宣化哪个好玩,,腾讯电脑管家,0
特利迦,特利迦奥特曼,,迪迦奥特曼,0
修正后的市盈率,修正的平均市盈率,,太阳的后裔,0
羽毛球,羽毛球,,火柴人羽毛球,0
黄金龙,黄金龙,,黄金线路,0
瑞贝卡,瑞贝卡,,瑞奇宝宝,0
83年,83年属啥,,过年好,0
二战,二战,,二战前线,0
深圳月饼团购,深圳月饼团购批发网,,百度糯米 下载,0
国海证券,国海证券手机版下载,,快乐男声,0
4399小游戏,4399小游戏,,4399小游戏,0
异地登记,异地登记结婚需要什么证件,,异地恋,0
现代墓碑,现代墓碑样式图片大全大图,,又拐个皇帝回现代,0
刘一手,刘一手,,刘恺威,0
错位关系,错位关系by东哥,,中国式关系,0
金钱之,金钱之王,,轩辕剑之汉之云,0
4399,4399游戏盒下载,,4399小游戏,0
80s,80s,,80s手机电影 下载,0
叶问外传,叶问外传,,叶问,0
比例怎么算,比例怎么算,,排卵期计算器手机版下载,0
origin平台官网,origin平台官网,,魔兽争霸官方对战平台,0
万方,万方数据库,,SQL Server自动安装程序,0
扫黑风暴,,,扫黑英雄,0
那年花开月正圆,那年花开月正圆在线观看全集免费,,那年花开月正圆,0
涓,涓怎么读,,2345看图王,0
界伊籍,界伊籍,,将界,0
议程设置,议程设置,,EUI插件更新器,0
君安证券官方网站,国泰君安证券公司官网,,苹果官网,0
华硕M5A97 PLUS,,,KMPlayer播放器,0
13×640,,,星际迷航13,0
恽,恽怎么读,,2345看图王,0
红香妃,红香妃兰花,,抢红,0
爱美剧,爱美剧,,恋爱真美,0
沈小锋,沈小锋盐城,,沈腾,0
4399,4399游戏盒下载,,4399小游戏,0
美国,美国新冠疫情最新消息,,美国骗局,0
163,163 邮箱,,网易邮箱,0
建E网,建e网,,升学e网通,0
Internet选项,internet选项在哪里打开,,Internet Explorer(IE7)浏览器,0
武岳彪,武岳彪广东煤炭地质局,,我的岳父会武术,0
狭路兄弟,狭路兄弟,,狭路,0
联众,联众世界游戏大厅官方下载手机版,,Tencent WeGame（原TGP腾讯游戏平台）,0
.2 GitMind,,,NBA直播软件大全,0
山东新闻联播,山东新闻联播,,星球大战,0
中通快运查询号码查询单号,中通快运查询号码查询单号,,申通快递app官方下载,0
云上长安,云上长安搬砖攻略,,云巅之上,0
b,北京普惠健康保,,私奔B计划,0
b,北京普惠健康保,,私奔B计划,0
163 邮箱,,,网易邮箱,0
后会无期歌曲,后会无期歌曲,,后会无期,0
潍坊社保局,潍坊社保局人工咨询电话,,百姓网官方app,0
4399,4399游戏盒下载,,4399小游戏,0
幼儿广播体操,幼儿广播体操世界真美好的视频,,问卷网,0
摩托莫里尼x-cape,庞巴迪摩托车,,暴力摩托 中文版,0
六六直租,六六直租,,房天下,0
神探狄仁杰1,神探狄仁杰1,,少年神探狄仁杰,0
深圳宜家,深圳宜家家居官网网上商城,,深圳合租记,0
惠普官网,惠普官网,,苹果官网,0
周杰伦MV下载,下载酷酷音乐!,,功夫瑜伽,0
求是杂志,求是杂志是什么级别,,人与自然,0
扫黑风暴,,,扫黑英雄,0
观察者网,观察者网,,NBA直播软件大全,0
家有儿女第一部,家有儿女第一部全集免费观看,,家有儿女初长成,0
依维柯,依维柯,,北上广依然相信爱情,0
亚洲龙,亚洲龙,,星动亚洲 第三季,0
樱花,樱花动漫,,樱花动漫网,0
油管主播的生活,油管主播的生活破解版中文版下载,,Fraps简体中文版,0
诫子书,诫子书,,TXT阅读器,0
网络推广,网络推广是做什么工作,,风行网络电视,0
心理学  英语,,,完美英语视听学习王,0
龙江网络,龙江网络客服电话96396,,风行网络电视,0
达达兔,达达兔,,比得兔,0
贵州悬索桥,贵州悬索桥图片,,非常完美,0
牛头梗,牛头梗图片,,图片搜索神器,0
439,4399游戏盒下载,,游窝游戏盒子(原游迅游戏盒),0
李阿特,李阿特,,新京华烟云,0
jin10,金10财经日历,,金舟录屏大师,0
韩国电视剧2021,韩国电视剧2021,,诱惑,0
扫黑风暴,,,扫黑英雄,0
不死者,不死者,,不离不弃,0
美国新闻网,美国新闻网,,美国骗局,0
云南省财政厅官网,云南省财政厅官网,,苹果官网,0
送电 反送电,,,一路繁花相送,0
扫黑风暴,,,扫黑英雄,0
小蹄子,小蹄子是什么意思啊,,飞卢小说,0
深圳网络营销,深圳网络营销软件,,深圳合租记,0
聚四氟乙烯粉,聚四氟乙烯粉,,脑残粉,0
猎豹,猎豹,,猎豹浏览器,0
汽车销量排行榜,汽车销量排行榜,,网页游戏排行榜2021,0
王富玉,王富玉,,跨界喜剧王,0
蓝奏云,蓝奏云,,四重奏,0
全球高武,全球高武,,小幸福,0
枪魔神,枪魔神,,魔神之骨,0
陕西税务,陕西税务局官网,,超级老师,0
电视家3.0tv版官网下载,电视家3.0tv版官网下载免费,,大话西游2,0
城市天际线,城市天际线,,城市恋人,0
AGE动漫,age动漫官网,,樱花动漫网,0
小说网站,小说网站,,NBA直播软件大全,0
dadatu。com,达达兔,,hao123上网导航,0
山村老师,,,超级老师,0
第几期总第几期,第几期总第几期什么意思,,演员的诞生,0
今日制造,今日制造,,美人制造,0
蜜蜂,蜜蜂蛰了怎么处理好得快?,,蜜蜂少女队,0
绩效考评办法,绩效考核方法,,开运水晶手串,0
网上申办准生证网站,四川省网上申办准生证,,百度外卖 下载,0
桀骜怎么读,桀骜怎么读,,2345看图王,0
un,un拼音怎么读音,,2345王牌拼音输入法,0
影视饭,,,团圆饭,0
4399,4399游戏盒下载,,4399小游戏,0
4399,4399游戏盒下载,,4399小游戏,0
百度输入,百度输入法免费下载,,搜狗拼音输入法,0
上海,上海天气,,大上海 ,0
超级大乐透,,,超级大首映,0
实现网,实现网,,NBA直播软件大全,0
泰拉瑞亚战士好还是射手好,泰拉瑞亚战士和射手哪个好,,人人视频,0
百度学术,百度学术,,百度糯米 下载,0
男男sp,,,猎场,0
自动焊锡机,自动焊锡机,,电脑自动关机软件,0
杨柳春风,杨柳春风一杯酒 江湖夜雨十年灯是什么意思,,春风十里，不如你,0
人人译,人人译,,云译客,0
心灵捕手,心灵捕手观后感,,纯洁心灵·逐梦演艺圈,0
安全教育,安全教育平台登录入口,,189邮箱,0
顶楼,顶楼第三季,,女儿们的恋爱第三季,0
盲人手机,盲人手机,,NBA直播软件大全,0
东方网,东方网,,NBA直播软件大全,0
世界微尘里,世界微尘里,,魔法王座,0
星野飞鸟,,,爱上超模,0
扫黑风暴,,,扫黑英雄,0
最大杂志,全国最大的免费杂志阅读平台,,女人我最大,0
家有儿女4,家有儿女4,,家有儿女初长成,0
重命名的快捷键是什么,重命名的快捷键是什么,,截图软件大全,0
渲影,渲影官网,,吉吉影音播放器,0
wood-paneled,wood-paneled 什么意思,,绿茶妹,0
笔记本重新启动不了,笔记本重新启动不了怎么办,,超级文件粉碎机,0
明日之战下载,明日之战下载 1080P 下载,,怒江之战,0
亚洲龙,亚洲龙,,星动亚洲 第三季,0
你是我的荣耀,你是我的荣耀,,荣耀大天使,0
w8系统,w8系统,,系统之家一键重装,0
免费算命 最全最准,,,专业八字测算,0
热搜,热搜,,新浪微博 官方下载,0
小猪佩奇第八季,小猪佩奇第八季,,最强大脑第8季,0
扫黑风暴,,,扫黑英雄,0
电脑版的绘画软件有哪些,电脑免费绘画软件有哪些,,叫外卖软件大全,0
lkwg,洛克王国,,洛克王国之魔法守护者,0
幼儿园,幼儿园教师师德师风承诺书,,问卷网,0
BD影视,,,奇米影视盒,0
畅易阁,畅易阁,,天龙八部,0
3dm,3dm,,杀出重围2人类分裂,0
dpinst是什么软件,,,NBA直播软件大全,0
双截棍天津话版本,双截棍天津话版本歌词,,YY语音(歪歪语音),0
ins 41112,,,漫兜兜壁纸,0
二次元之幻想系统,二次元之幻想系统,,勒索病毒专杀工具,0
你中有我 我中有你,,,等你爱我,0
沉默的羔羊 下载,,,沉默的证人,0
正阳门下,正阳门下,,正阳门下小女人,0
4399,4399游戏盒下载,,4399小游戏,0
学生小妹,学生小妹成熟时,,学生兵,0
兄弟9140,兄弟9140硒鼓清零,,兄弟兄弟,0
吴亦凡,吴亦凡最新事件进展,,吴亦凡,0
如何删除保留的存储,如何关闭保留的存储,,万能数据恢复大师,0
万网,万网,,爱奇艺,0
e站下载,e站下载,,5E对战平台,0
埋堆堆有电脑版吗,埋堆堆有电脑版吗?,,韩剧TV,0
夜景,夜景图片真实图片,,图片搜索神器,0
中国1921,中国1921,,中国新歌声,0
电脑自毁程序,电脑自毁程序什么意思,,微信 电脑版,0
电视剧收视率,电视剧收视率,,电视剧之王,0
老凤祥代言人,老凤祥代言人陈数,,剧场,0
AV网站,,,NBA直播软件大全,0
4399小游戏,4399小游戏,,4399小游戏,0
电视剧,电视剧,,电视剧之王,0
怪物猎人好玩吗,怪物猎人好玩吗,,虹色旋律,0
电脑键盘学习,认识电脑键盘电脑初学者入门,,超星学习通 电脑版,0
aiquyi,爱奇艺下载安装免费,,PPS网络电视,0
w10系统,w10系统怎么设置桌面我的电脑,,系统之家一键重装,0
211985大学是什么意思,211985大学是什么意思,,怪兽大学,0
什么好打锤石,什么好打锤石德莱文,,2345看图王,0
citra,citra模拟器,,腾讯手游助手,0
准备英语,准备英语,,完美英语视听学习王,0
沁园春长沙,沁园春长沙,,战长沙,0
codefish,codefish是牌子吗,,万能播放器,0
小猪佩奇动画片全集免费观看,小猪佩奇动画片全集免费观看的中文版,,漫兜兜免费壁纸,0
阿曼多福克斯,,,艾克斯奥特曼,0
武动乾坤,武动乾坤,,武动乾坤,0
华为售后,华为售后服务电话,,华为电脑管家,0
玫瑰花,玫瑰花图片,,图片搜索神器,0
上海公积金app,上海公积金app,,第一财经新媒体,0
林冲的结局,林冲的结局,,美丽的我的新娘,0
0和1,0和1是什么梗,,我和僵尸有个约会1,0
对宗族的答谢词,,,对我而言，可爱的她,0
天上飞 ,天上飞歌词,,鲛珠传,0
十四五规划,十四五规划,,梦境规划局,0
广材网信息价,广材网信息价官网,,苹果官网,0
世纪,世纪佳缘,,世纪佳缘,0
过程监控的方法,过程监控的原则有,,开运水晶手串,0
鸿蒙更新名单,鸿蒙更新名单最新,,三个院子,0
日本waacking女王,日本waacking大师,,我的媳妇是女王,0
忆少年,忆少年,,记忆大师,0
无忧无虑,无忧无虑装修网,,酷家乐3D室内装修设计,0
极速,极速来电闪光灯,,极速青春,0
菁优网,菁优网,,优酷视频客户端,0
破冰行动分集介绍电视猫,破冰行动分集剧情介绍,,还是夫妻,0
伊利云商平台,伊利云商平台,,虎牙直播,0
818湖南卫视晚会,818湖南卫视晚会节目单,,2016湖南卫视中秋之夜,0
战斗之夜,战斗之夜,,功夫战斗机,0
605028,605028股票股吧,,股票追击手,0
MALDI板,maldi常用基质,,老板来了,0
earth地球下载,earth地球下载破解版,,地球队长,0
梁进海,梁进海,,鸣梁海战,0
许嵩,许嵩的歌全部歌曲,,隐藏的歌手,0
终末的女武神,终末的女武神漫画免费阅读,,胜女的代价,0
DJ,东京奥运会,,高音质DJ音乐盒,0
我和我们一起,我和我们一起电视剧免看,,我和我的他们,0
徐小明新浪博客,徐小明新浪博客,,新浪微博 官方下载,0
曹县是什么梗,曹县是什么梗是什么意思,,绿茶妹,0
农民鲁智深,农民鲁智深,,老农民,0
冬瓜水,冬瓜水有什么功效,,云水怒,0
番茄小说免费版下载,番茄小说免费版下载,,小说快捕官方免费下载,0
肥水不留外人田小说,肥水不流外人田是什么意思,,绿茶妹,0
http://www.sdshxy.cn/,,,京东,0
拼多多,拼多多,,拼多多上货助理,0
4399,4399游戏盒下载,,4399小游戏,0
B,北京普惠健康保,,私奔B计划,0
休眠文件,休眠文件删除有什么影响,,超级文件粉碎机,0
给个能看的网站,啥网站都能看的浏览器,,NBA直播软件大全,0
角头2,角头2,,QQ头像透明生成助手,0
怎么强制删除正在运行的文件,电脑怎么强制删除正在运行的文件,,万能数据恢复大师,0
长岭县,长岭县天气预报,,天气预报,0
放心签,放心签,,签名设计软件大全,0
李明德,李明德,,高德地图,0
周深大鱼海棠主题曲,周深大鱼海棠主题曲歌词,,好久不见,0
网上共青团,网上共青团智慧团建,,挂号网上预约,0
3dmHUMANKIND人类,,,杀出重围2人类分裂,0
细陶器,细陶器吸水率,,奸细,0
神断狄仁杰,神断狄仁杰,,少年神探狄仁杰,0
段宏章,段宏章,,大秦赋,0
宁夏科学技术厅,宁夏科学技术厅官网,,苹果官网,0
霍尊事件,霍尊事件始末,,歌手2018,0
湖南卫视,湖南卫视节目表,,2016湖南卫视中秋之夜,0
91秦先生,,,天天有喜,0
沧海一声笑歌词,沧海一声笑歌词,,鲛珠传,0
studio one 5,,,NBA直播软件大全,0
观察者,观察者网,,NBA直播软件大全,0
163,163 邮箱,,网易邮箱,0
大侦探皮卡丘 ,大侦探皮卡丘,,明星大侦探,0
精灵被插小说,精灵类小说,,绝地求生：大逃杀,0
与君歌剧照,与君歌剧照高清,,谷歌地图 下载,0
策驰影院 电视剧免费,,,皮皮影院播放器,0
王敏纳,王敏纳配音的电视,,纳米神兵,0
定陶邮编,定陶邮编,,邮编查询,0
企业转变为“学习型企业”,,,腾讯企业QQ,0
顶点小说网,顶点小说网app,,飞卢小说,0
招商方案,招商方案计划书,,信用卡申请,0
ehow中文官网,ehow中文官网APP,,苹果官网,0
h'yhy,韩玥韩依依免费阅读强势重生,,Hi歌,0
双重曝光,双重曝光,,陈晓,0
同桌一百,同桌一百,,同桌的你,0
夜班兼职,夜班兼职,,起点读书,0
139,139邮箱,,139邮箱 官方下载,0
毒液2,毒液2,,NBA直播软件大全,0
番茄影视下载大全,番茄影视下载APP,,2345影视大全下载,0
交管12123官网app下载,交管12123官网app下载,,百姓网官方app,0
showa官网,showa官网方向机,,苹果官网,0
3d,3d开奖结果查询,,传奇世界3D,0
你是我的荣耀电视剧免费观看,你是我的荣耀电视剧免费观看全集,,你是我的姐妹,0
语言哲学,语言哲学,,金舟文档翻译软件,0
笔杆子,笔杆子家园,,家园防线,0
棒球英语,棒球英语,,完美英语视听学习王,0
无线数字键盘怎么连接电脑,数字键盘怎么连接电脑蓝牙,,人人视频,0
春夏秋冬,春夏秋冬又一春电影,,青春派,0
化学元素周期表,化学元素周期表,,元素周期表,0
你是我的荣耀,你是我的荣耀,,荣耀大天使,0
h'yhy,韩玥韩依依免费阅读强势重生,,Hi歌,0
火蓝刀锋电视剧免费观看全集,火蓝刀锋电视剧免费观看全集,,游泳先生,0
江苏移动,江苏移动掌上营业厅,,移动迷宫2,0
百世快运,百世快运单号查询单号,,韵达快递官方app,0
江疏影,江疏影个人资料图片 简介,,江疏影,0
杭州师范大学,杭州师范大学,,19楼,0
女人用品,,,罗龙镇女人,0
史莱姆转生的那档事第三季,史莱姆转生的那档事第三季在线,,那件疯狂的小事叫爱情,0
芒果,芒果TV,,芒果tv,0
全职法师第3季免费观看3,全职法师第3季免费观看完整版,,爆裂飞车 第3季,0
企业邮箱,企业邮箱,,网易邮箱,0
徳运斗,,,专业八字测算,0
4399,4399游戏盒下载,,4399小游戏,0
我与神明画押,我与神明画押 神明骂我傻叉 顺手带走我妈,,我与你的光年距离2,0
机甲斗兽场2,机甲斗兽场2无限金币无限钻石,,斗罗大陆正版手游,0
中国新闻网,中国新闻网,,中国新歌声,0
搜狗搜索,搜狗搜索,,中国搜索,0
卸载Microsoft Edge,,,2345王牌拼音输入法,0
雷晓华 博士,,,拆弹·专家,0
绝世唐门动漫,绝世唐门动漫,,斗罗大陆2绝世唐门,0
广州中医药大学,广州中医药大学,,非凡搭档,0
医生卡通,医生卡通图片,,儿科医生,0
浙江卫视,浙江卫视节目表,,2016浙江卫视跨年晚会,0
斗破苍穹 小说免费阅读,,,小说快捕官方免费下载,0
中国经纪人网络平台登录,中国经纪人网络平台登录下载,,58中国网络经纪人,0
浙江卫视,浙江卫视节目表,,2016浙江卫视跨年晚会,0
4399,4399游戏盒下载,,4399小游戏,0
xtu下载,xtu下载,,财付通 下载,0
MC木炭坑怎么做,mc木炭怎么获得,,人人视频,0
人大换届,人大换届,,喵星人,0
普象网,普象网,,QQ游戏(QQGame),0
大染坊电视剧全集观看免费,大染坊电视剧全集观看免费,,游泳先生,0
小型汽车增量,小轿车销量排行榜2021,,网页游戏排行榜2021,0
美女不穿衣服,,,美女秀场,0
永劫无间,永劫无间,,无间道,0
出轨保证书,出轨保证书离婚时有法律效力吗,,出轨的女人,0
4399,4399游戏盒下载,,4399小游戏,0
值得买,值得买,,今天谁买单,0
电脑不想要屏保怎么设置,电脑屏保怎么设置自己想要的图片,,电脑校时器,0
央视,央视主播徐俐退休,,CBox央视影音,0
芒果,芒果TV,,芒果tv,0
青岛行政,青岛行政区划分,,青岛往事,0
钢铁武士,钢铁武士,,钢铁骑士,0
法医秦明第一季,法医秦明第一季免费高清在线观看,,法医秦明,0
手机模拟大师怎么卸载,手机模拟大师怎么卸载,,腾讯手游助手,0
逆光中告白,逆光中告白电视剧,,爱情碟中谍,0
吴倩,吴倩莲,,这个世界不看脸,0
Tesa61305,tesa61305胶带价格,,转运玉坠,0
" 南阳州",南杨州市离首尔,,九州缥缈录,0
http//dk.huayi.com,,,京东,0
陕西公安网,山西公安网查询个人信息,,超级老师,0
李连杰照片吗,李连杰最美照片,,李连杰,0
天醒之路电视剧免费观看全集,天醒之路电视剧免费观看全集,,猛兽列车,0
中国好声音雷雨心是哪一期,,,吐槽大会,0
5G手机,5g手机哪款好用性价比高,,NBA直播软件大全,0
阿里云盘,阿里云盘,,微云(腾讯网盘) ,0
农,农家小福女,,农林,0
老广的味道第四季,老广的味道第四季,,熟悉的味道,0
新大陆ME31,新大陆me31,,梦想新大陆,0
北京理工大学经济与管理学院,北京理工大学经济与管理学院夏令营,,星学院,0
高和矮,高和矮的英语,,婆婆和妈妈第二季,0
免费腾讯vip怎么领,怎么免费领腾讯vip一天,,腾讯视频 官方下载,0
向东平,向东平所长是什么电视剧,,加油向未来,0
西瓜影视,,,西瓜影音播放器,0
英语习语,英语俚语大全200个,,完美英语视听学习王,0
163,163 邮箱,,网易邮箱,0
张大奕,张大奕,,大秦赋,0
身份证号,身份证号查询四级成绩入口,,身份证,0
口语100,口语100,,同桌100,0
y'h's'w,永恒圣王,,80s手机电影 下载,0
3DM,3dm,,杀出重围2人类分裂,0
amazon,amazon.com,,亚马逊,0
欧模网,欧模网,,最美简历制作,0
小机箱,小机箱,,飞卢小说,0
照片底色修改,照片底色修改,,图片处理软件大全,0
邮政快递,邮政快递单号查询,,邮编查询,0
捉蝴蝶,捉蝴蝶英语,,捉迷藏,0
仙王的日常生活动漫全集免费观看,仙王的日常生活动漫全集免费观看,,无法抗拒的恋爱,0
最强军火商人小说,类似最强之军火商人的小说,,小说快捕官方免费下载,0
北京像素,北京像素,,北京青年,0
中国贩毒村电视剧,云南贩毒村电视剧,,龙门村的故事,0
爱山东枣庄app官网下载,爱山东枣庄app下载注册,,闲鱼,0
7游 ,7游戏盒安装下载,,测试7,0
摩托车能分期付款吗,买摩托车可以分期付款吗,,万能苹果恢复大师,0
电视牛,电视牛,,牛胆神偷,0
人类游戏,人类游戏,,杀出重围2人类分裂,0
陈数,陈数的个人资料和图片,,剧场,0
笔记本找不到wifi网,笔记本找不到wifi网络怎么办,,云译客,0
花吱官网,花吱官网,,樱花动漫网,0
国家自然科学基金小木虫,2021年国家自然科学基金小木虫,,国家底线,0
拓维游戏官网,拓维游戏官网,,维棠FLV视频软件,0
杨紫肖战,杨紫肖战,,燃烧吧少年！,0
永劫无间捏脸数据,永劫无间捏脸数据怎么导入,,梦想新大陆,0
vjSHI,vj师网,,画心师,0
虎课网,虎课网视频剪辑课程,,乐课网电脑版,0
超声波检测测长方法,超声波检测的方法,,开运水晶手串,0
农商,农商银行,,工商银行,0
24小时,24小时便利店,,24小时:末路重生,0
xigua,西瓜,,西瓜视频电脑版,0
天琥云,天琥云课堂学员登录,,空天猎,0
广告门,广告门,,去广告软件大全,0
缺乏的英文,怎么样的英文,,小猪佩奇,0
玉田生活网,玉田生活网,,赶集生活 官方下载,0
上游电视剧免费观看全集完整版,上游电视剧免费观看全集完整版最新,,天将雄师,0
1`,1.5,,创造101,0
这就是街舞4,这就是街舞4,,YY4480首播影院,0
人人贷,人人贷最新消息,,人人视频,0
星空影院,星空影院,,那片星空那片海2,0
我的飞扬人生,我的飞扬人生txt,,扑通扑通我的人生,0
身份证背面,身份证背面,,身份证,0
诸葛亮怎么玩,诸葛亮怎么玩,,5E对战平台,0
哈组,哈组词,,哈哈农夫,0
建E,建e网室内设计网,,升学e网通,0
刁蛮公主电视剧免费观看,刁蛮公主电视剧免费观看完整版,,芸汐传,0
金山打字,金山打字通,,五笔打字练习,0
临汾市环境保护局官网,临汾市环境保护局官网山里人家庭农场,,苹果官网,0
win10激活工具kms下载,win10 kms激活服务器,,office2019,0
重生1992,重生1992小说,,重生细胞,0
画小说人物,画小说人物怎么画,,快看漫画 电脑版,0
2013年属什么生肖,2013年属什么生肖,,广场舞,0
我天命大反派,我天命大反派,,明天我依然爱你,0
十大将,十大将军排名,,相爱十年,0
华泰,华泰证券,,东方财富,0
bt学院官网,bt学院官网招聘,,苹果官网,0
糖豆人,糖豆人手游正版下载,,人间·喜剧,0
老九门魔域,老九门之凤九,,风暴魔域2,0
豆豆小说,豆豆小说三部曲经典语录,,飞卢小说,0
使命召魂,使命召唤,,使命召唤手游,0
4399,4399游戏盒下载,,4399小游戏,0
电饭煲面包,电饭煲面包的做法,,面包大王（国语版）,0
番剧推荐,番剧推荐,,好先生番外篇,0
广陵散,广陵散著称的是谁,,蝙蝠侠大战超人,0
甄子丹,甄子丹国籍,,甄子丹,0
突袭4汉化补丁,突袭2汉化补丁,,地球黎明,0
天才总决赛,天才总决赛,,天才冲冲冲,0
西瓜,,,西瓜视频电脑版,0
台风蜕变之战全集,台风蜕变之战全集免费观看,,怒江之战,0
浣熊会不会游泳,浣熊会游泳吗,,WeTool (微信管理工具),0
非凡影院,,,非凡搭档,0
理想之城,理想之城,,幻乐之城,0
4399,4399游戏盒下载,,4399小游戏,0
吴亦凡,吴亦凡最新事件进展,,吴亦凡,0
叶罗丽精灵梦冰莲花,叶罗丽精灵梦冰莲花第四集,,精灵梦叶罗丽5,0
电脑怎么改默认解压软件,电脑怎么设置默认解压软件,,电脑校时器,0
TOM邮箱,tom邮箱注册,,189邮箱,0
归义军,归义军节度使,,归来,0
凤凰,凤凰网,,我是特种兵3,0
怀旧,怀旧版天龙八部,,魔兽大脚,0
狠狠入,,,陷入纯情,0
缠绵游戏mv,缠绵游戏mv百度云,,功夫瑜伽,0
光环下的少年,光环下的少年,,妖精的尾巴:魔导少年,0
163.,163.邮箱登陆,,189邮箱,0
三个金币,三个金币电影在线观看完整版,,三个院子,0
怎么隐藏文件后缀名,电脑怎么隐藏文件后缀名,,文件夹加密超级大师,0
凉凉二胡谱       ,凉凉二胡简谱,,敢问路在何方,0
莲花手印,莲花手印图片大全,,图片处理软件大全,0
小公主苏菲亚第二季免费观看中文版,小公主苏菲亚第二季免费观看中文版全集,,小红伞免费中文版,0
投射比,投射比,,比得兔,0
亚洲av,,,星动亚洲 第三季,0
小高,小高米线加盟费多少钱?,,蜡笔小新,0
4399,4399游戏盒下载,,4399小游戏,0
163,163 邮箱,,网易邮箱,0
kksk什么意思,kksk什么意思网络,,绿茶妹,0
雷凌,雷凌,,摩天营救,0
东方舞情,东方舞情深深雨蒙蒙,,与星共舞,0
夜的命名术.,夜的命名术笔趣阁,,我的岳父会武术,0
你说的看星,你说的看星空看日落不如看我的眼眸,,你瞅啥？外星人,0
"她来了,请趴下","她来了,请趴下",,他来了，请闭眼,0
双色球吧,双色球吧,,NBA直播软件大全,0
万宝楼,万宝楼,,听雪楼,0
东北财经大学出版社官网,东北财经大学出版社官网进不去,,苹果官网,0
x4 870k,,,Coreldraw x4简体中文正式版,0
庄启明,庄启明,,鲜花盛开的村庄,0
MD小巫师,小巫师图片,,2345MD5校验王,0
半老徐娘什么意思,"半老徐娘什么意思,指什么生肖",,绿茶妹,0
跨境电商,跨境电商,,大清盐商,0
兔子,兔子养殖,,三只兔子,0
神魔之上,神魔之上,,新神魔大陆,0
北京主题公园,北京主题公园,,北京青年,0
星座,星座月份表,,星座,0
腾讯回应,腾讯回应精神鸦片,,腾讯QQ 2019,0
金山打字,金山打字通,,五笔打字练习,0
韩国美食,韩国美食,,秘密花园（韩国版）,0
玫瑰痤疮,玫瑰痤疮如何根治,,铁血玫瑰,0
速度与激情9,速度与激情9,,速度与激情7,0
怎么把2345主页换掉,怎么修改2345主页,,NBA2k17 游戏,0
张歆艺,张歆艺前任老公,,张艺兴,0
红旗,红旗h9价格多少钱一辆2021,,红旗漫卷西风,0
乡村爱情14,乡村爱情14部开播日期,,乡村爱情9,0
研究中心是企业吗,中国企业研究中心,,万能播放器,0
66,66,,武媚娘传奇,0
狗带tv电视,狗带tv电视扫黑风暴,,芒果tv,0
宋教仁,宋教仁是谁刺杀的,,蝙蝠侠大战超人,0
芈月传剧情介绍,芈月传剧情介绍,,芈月传,0
老庄思想核心,老庄思想核心,,纳米核心第二季,0
佛陀电视剧全集国语版,佛陀电视剧全集国语版在线观看,,爱如潮涌（国语版）,0
亮度调节器,亮度调节器,,人人视频,0
淄博,淄博天气,,百姓网官方app,0
我爱香港综艺粤语,我爱香港综艺粤语04,,我们都爱笑,0
求生之路2秘籍,求生之路2秘籍怎么用,,135编辑器电脑版,0
浙江卫视818晚会节目单,浙江卫视818晚会节目单时代少年团,,2016浙江卫视跨年晚会,0
邮箱,邮箱格式怎么写,,189邮箱,0
吴亦凡,吴亦凡最新事件进展,,吴亦凡,0
冷兵器吧,冷兵器吧,,NBA直播软件大全,0
gm眼镜官网,gm眼镜官网,,苹果官网,0
度量怎么读,度量怎么读,,2345看图王,0
猪猪侠之梦想守卫者,猪猪侠之梦想守卫者,,芭比之梦想豪宅全集,0
天伦,天伦不孕医院,,天伦,0
一世独尊,一世独尊,,一生一世,0
大北农,大北农股票股吧,,农林,0
亮度调节,亮度调节电脑快捷键,,人人视频,0
文华学院,文华学院官网,,星学院,0
新视觉影视,,,2345影视大全下载,0
迷雾,迷雾侦探,,绝海的侦探,0
枪,,,枪侠,0
时光背面的我,时光背面的我铃声下载,,你和我的倾城时光,0
安全工程师,安全工程师证报考条件是什么,,火绒安全软件,0
60680影院,,,惊魂电影院,0
颜色英语,颜色英语,,完美英语视听学习王,0
号令天下,号令天下,,赢天下,0
脱口秀大会,脱口秀大会,,金星脱口秀,0
4399,4399游戏盒下载,,4399小游戏,0
绝世唐门,绝世唐门,,斗罗大陆2绝世唐门,0
知网查重,知网查重多少钱一次,,CNKI全球学术快报,0
逍遥小地主,逍遥小地主,,逍遥医生第1季,0
EMS,ems快递单号查询号码查询,,邮编查询,0
头像女生,头像女生,,头像,0
东北电力大学官网,东北电力大学官网,,苹果官网,0
台式机哪个品牌的电脑比较好,什么品牌的台式电脑最好,,网页游戏排行榜2021,0
英语教师自我介绍英文版,英语外教老师,,小猪佩奇,0
隆道云,隆道云,,有道云笔记,0
曹操跑腿骑士版,曹操跑腿骑士版审核多久,,钢铁骑士,0
华为G5000,华为g5000老人机价格,,华为电脑管家,0
英语教师自我介绍英文版,英语外教老师,,小猪佩奇,0
知末网,知末网,,CNKI全球学术快报,0
赵丽颖楚乔2宣传,赵丽颖楚乔服装,,特工皇妃楚乔传,0
window10,window10激活密钥,,office2019,0
扫黑风暴,,,扫黑英雄,0
喜羊羊,喜羊羊与灰太狼,,羊年喜羊羊,0
法医秦明之无声的证词免费观看,法医秦明之无声的证词免费观看全集,,天赐的声音2,0
响沙湾,响沙湾,,恐怖残响,0
163,163 邮箱,,网易邮箱,0
818湖南卫视晚会,818湖南卫视晚会完整版回放,,2016湖南卫视中秋之夜,0
紫云县,紫云县人民政府官网,,大牌驾到,0
石原里美,石原里美电视剧,,电视剧之王,0
叶县,叶县天气预报,,天气预报,0
recovery怎么是黑屏的,system recovery黑屏,,抖屏,0
滴滴,滴滴打车app下载,,百度地图app官方下载,0
中国国际贸易单一窗口,中国国际贸易单一窗口,,2345网址导航桌面版,0
爆风影音下载,暴风影音下载并安装,,暴风影音5,0
五字珠算法,五字珠算法是什么,,"热销佛牌,开光法物",0
暗格里的秘密电视剧免费观看,暗格里的秘密电视剧免费观看19集剧情,,暗恋·橘生淮南,0
100*100见方,,,同桌100,0
a级国产,,,升级,0
将进酒,将进酒 李白 全诗,,唐诗三百首,0
应用商店app下载,应用商店app下载官方,,百度地图app官方下载,0
海龟汤,海龟汤,,汤姆猫和朋友们,0
文件恢复软件免费版下载,手机文件恢复软件免费版下载,,Office2003免费版(WPS),0
麦博 FC70,,,寻找罗麦,0
舟道网官网,舟道网司机版官方下载,,有道云笔记,0
葫芦岛公共资源交易中心,葫芦岛公共资源交易中心,,百姓网官方app,0
山东省教育云服务平台,山东省教育云服务平台,,智慧树,0
客户管理系统,客户管理系统,,兴华车辆管理系统,0
发动机推荐,"发动机推荐5w30,最后换的10w40",,求职app推荐,0
电视版下载,电视派下载官方版,,财付通 下载,0
深圳市住建局,深圳市住建局,,一个勺子,0
扫黑风暴,,,扫黑英雄,0
鲁迅,鲁迅先生的简介,,盛先生的花儿,0
重生总裁,重生总裁老公不离婚全文免费阅读,,重生细胞,0
大明风华,大明风华,,大明劫,0
电脑充电线接触不良,电脑充电线接触不良怎么办,,企业微信电脑版,0
珠江台,珠江台直播,,台湾往事,0
茶杯狐,茶杯狐,,狐影,0
西藏拉萨招聘信息,拉萨招聘信息最新招聘信息,,百姓网官方app,0
中国证监会,中国证监会官网,,苹果官网,0
rmx2117,rmx2117是什么手机,,NBA直播软件大全,0
太平里,太平里泡馍,,太平轮：彼岸,0
战寇电视剧全集,战寇电视剧全集在线观看免费,,杀寇决,0
华为p50,华为p50,,华为电脑管家,0
星速U6,星速u6电脑多少钱,,极速前进第三季,0
中国,中国教育考试网,,中国新歌声,0
中宁县人民政府官网,宁夏中宁县人民政府,,苹果官网,0
东方购物,东方购物,,东方财富,0
巧克力,巧克力囊肿,,甜心巧克力,0
天龙影院,天龙影院,,天龙八部,0
游戏王高速指示物,游戏王魔法指示物,,光之美少女食尚甜心,0
小白装机,小白装机,,这就是生活,0
你是我的荣耀,你是我的荣耀,,荣耀大天使,0
2345下载,2345下载安装,,2345影视大全下载,0
扫黑风暴,,,扫黑英雄,0
怪物英语,怪物英语monster,,怪物 Monster,0
163,163 邮箱,,网易邮箱,0
4399,4399游戏盒下载,,4399小游戏,0
4399,4399游戏盒下载,,4399小游戏,0
万一网,万一网保险网,,偶像万万碎,0
日在校园,日在校园西园寺世界有没有怀孕,,大侠日天,0
巧克力红包,巧克力红包盲盒,,抢红包神器,0
4399,4399游戏盒下载,,4399小游戏,0
163,163 邮箱,,网易邮箱,0
下载的字体怎么导入pr,下载的字体怎么导入pr,,爱剪辑,0
阿富汗机场,阿富汗机场,,杨幂,0
西瓜影视,,,西瓜影音播放器,0
氧化钙什么意思,氧化钙是啥意思,,绿茶妹,0
华龙证券官网,华龙证券官网,,苹果官网,0
暗格里的秘密,暗格里的秘密电视剧免费观看,,暗恋·橘生淮南,0
四川二建吧,四川二建吧,,咱们穿越吧第二季,0
永杰无间,永劫无间多少钱,,侠探杰克：永不回头,0
奇妙小镇少儿频道动画片,奇妙小镇的动画片,,我的奇妙男友,0
win7镜像文件在哪下载,win7镜像文件在哪下载比较好,,神奇动物在哪里,0
天书奇谈,天书奇谈手游,,晓松奇谈,0
庆余年,庆余年2,,庆余年,0
bil,bilibili,,垫底辣妹,0
贴吧,贴吧,,百度贴吧 官方下载,0
gtx1650和1050ti,gtx1650和1050ti,,我和两个他,0
录入吧,录入吧,,NBA直播软件大全,0
痕迹电视剧完整版免费观看,痕迹电视剧完整版免费观看,,天将雄师,0
地下交通站,地下交通站,,寂静之地,0
俑之城,俑之城,,幻乐之城,0
"彩视app下载最新版本,官方免费下载","彩视app下载最新版本,官方免费下载",,Internet Explorer 9,0
永劫无间,永劫无间,,无间道,0
自杀小队2,,,NBA直播软件大全,0
白蛇传·情下载,电影白蛇传·情下载,,小戏骨白蛇传,0
好看的电视剧推荐几部,好看的电视剧推荐几部 前十名2021,,人人影视,0
游戏加加,游戏加加,,2345游戏,0
163,163 邮箱,,网易邮箱,0
井岗山大学,井岗山大学,,怪兽大学,0
电脑流氓软件找不到怎么卸载,电脑里的流氓软件找不到怎么办,,2345安全卫士,0
麦博 FC60,,,寻找罗麦,0
摄影师一天,摄影师一天多少钱,,绝代双骄,0
张东尼,张东尼,,陪安东尼度过漫长岁月,0
小猪佩奇动画片全集免费中文版,小猪佩奇动画片全集免费观看,,小红伞免费中文版,0
中央广播电视中等专业学校,中央广播电视中等专业学校,,CBox央视影音,0
扫黑风暴,,,扫黑英雄,0
谍海追踪,谍海追踪,,谍战深海,0
暗格里的秘密电视剧免费观看,暗格里的秘密电视剧免费观看24集,,暗恋·橘生淮南,0
发票验真,发票验真 官网,,和平精英 电脑版,0
父辈的旗帜下载1080,父辈的旗帜下载电影,,前目的地,0
300263,300263股票,,股票追击手,0
连云港房产网,连云港房产网,,大师开光文昌笔,0
大戏法,大戏法,,老家门口唱大戏,0
拆弹专家2,拆弹专家2,,NBA直播软件大全,0
国家企业信息公示,国家企业信息公示系统官网官,,CCleaner(免费系统优化工具),0
九州通,,,九州缥缈录,0
范冰冰,范冰冰为什么被踢出娱乐圈,,范冰冰,0
情侣名,情侣名字超甜一对,,无名之辈,0
欧模网,欧模网,,最美简历制作,0
业,业精于勤荒于嬉行成于思毁于随的意思,,一起作业 官方下载,0
Cruelty Squad 3dm,,,杀出重围2人类分裂,0
扫黑风暴,,,扫黑英雄,0
你是我的荣耀,你是我的荣耀电视剧免费观看,,荣耀大天使,0
轩辕剑7,轩辕剑7,,测试7,0
原来我很爱你电视剧免费观看,原来我很爱你电视剧免费观看,,芸汐传,0
原神,原神,,我不是药神,0
腰间盘突出和膨出的区别,腰间盘突出和膨出的区别在哪,,你和我的倾城时光,0
奇葩说第四季,奇葩说第四季在线观看免费,,奇葩说第四季,0
红米note10Pro  ,红米note10pro,,抢红,0
上饶之窗,上饶之窗,,世界之窗浏览器,0
海盗湾,海盗湾,,台湾往事,0
未来,未来15天天气预报,,加油向未来,0
少年方世玉电视剧免费,少年方世玉电视剧免费观看,,我的恶魔少爷,0
圆桌,圆桌派,,青春派,0
" 中国法律法规",中国法律法规数据库,,中国新歌声,0
好看的日漫,好看的日漫,,漫兜兜壁纸,0
钻石回收,钻石回收,,斗罗大陆正版手游,0
her2,her2是什么意思,,绿茶妹,0
视情况而定英文,视情况而定英文,,小猪佩奇,0
飞极速,飞极速在线浏览器,,极速青春,0
2021浙江卫视818晚会节目单,2021浙江卫视818晚会节目单顺序,,2016浙江卫视跨年晚会,0
中时电子报即时新闻,中时电子报即时新闻首页,,碟中谍5,0
李师儿,李师儿,,爷们儿,0
薛蛮子,薛蛮子,,薛丁山,0
理发推子,理发推子什么品牌最好,,恐怖理发店  ,0
呼兰,呼兰大侠,,大侠日天,0
飘花影院,神马,,校花驾到,0
东风卡车,东风卡车,,小楼又东风,0
东京物语,东京物语,,水形物语,0
物友网,物友网,,京东,0
彩客网完整手机版,彩客网手机版完整版下载,,腾讯QQ 2019,0
男子柔术,男子柔术前折训练,,真正男子汉,0
海派甜心,海派甜心在线播放观看,,夏日甜心,0
大妞子,大妞子花,,大泼猴,0
时代少年团,时代少年团,,高能少年团,0
心动4豆瓣爆料,心动的信号豆瓣爆料,,银翼杀手2049,0
YouTube,,,YouTube,0
哈尔滨金融学院背景是什么,哈尔滨金融学院的背景,,ppt制作软件,0
安科吧,,,NBA直播软件大全,0
香港 汽车产业,,,火锅英雄,0
四川人力资源,四川人力资源和社会保障局,,麻将游戏,0
拾柒,拾柒什么意思,,绿茶妹,0
四川人事网,四川人才网二建考试查询系统,,麻将游戏,0
h三线格怎么书写,a三线格怎么书写,,最美简历制作,0
聪明的顺溜之雄鹰小子第3季,聪明的顺溜之雄鹰小子第3季什么时候出,,猪猪侠之超星萌宠 第3季,0
医生招聘锦州,锦州医生招聘信息,,百姓网官方app,0
今日大学生网,今日大学生网,,问卷网,0
Daughter.Of.Darkness,daughter.of.darkness是什么意思,,绿茶妹,0
经营,经营许可证在哪里办理,,模拟农场,0
催眠麦克风iOS下载,催眠麦克风ios下载日服,,爱思助手,0
汪国明,汪国明文来中学,,对口型大作战,0
炎帝的女儿,炎帝的女儿叫什么?,,女儿们的恋爱,0
笨蛋,笨蛋测试召唤兽,,我叫郝聪明2,0
杀破狼,杀破狼,,杀破狼3,0
crudes ,crude是什么意思,,绿茶妹,0
loft,loft什么意思,,绿茶妹,0
吴亦凡何许人,吴亦凡何许人也,,吴亦凡,0
古剑奇谭3,古剑奇谭3,,古剑奇谭,0
月光变奏曲电视剧免费观看,月光变奏曲电视剧免费观看,,芸汐传,0
法人,法人,,减法人生,0
热敏纸能打彩色吗,热敏纸能打彩色的吗,,万能播放器,0
4399,4399游戏盒下载,,4399小游戏,0
哆啦a梦伴我同行2,哆啦a梦伴我同行2,,NBA直播软件大全,0
嘉宾吉他谱,嘉宾吉他谱c调,,哈哈农夫,0
宜宾市房产信息网,宜宾市房产信息官网,,苹果官网,0
九个必须,九个必须的具体内容是什么,,坏蛋必须死,0
可爱网名,可爱网名,,对我而言，可爱的她,0
jx3box,jx3box魔盒,,星仔魔盒,0
奇葩说免费观看,奇葩说免费观看,,奇葩说第七季,0
重生唐三,重生唐三,,重生细胞,0
成人小游戏,,,小游戏大全,0
电脑不能安装软件是怎么回事,电脑被限制不能安装软件,,听书软件大全,0
炽热合金,炽热合金,,合金弹头,0
炽热合金,炽热合金,,合金弹头,0
军事检察机关的性质,检察机关的性质和任务,,军事速递,0
重装机犬,重装机犬steam,,Steam游戏助手,0
羽毛球线如何穿,羽毛球线如何穿线,,金舟录屏大师,0
4399,4399游戏盒下载,,4399小游戏,0
当当网官网书店,当当网官网书店,,苹果官网,0
如何删除ZipperCloud,如何删除空白页,,万能数据恢复大师,0
4399,4399游戏盒下载,,4399小游戏,0
一财网第一财经,一财网第一财经直播今日股市,,第一财经新媒体,0
穿着大衣的奥特曼,军大衣奥特曼,,捷德奥特曼,0
抖查查,抖查查,,抖屏,0
千里马,千里马招标网官网,,苹果官网,0
.m4a是什么文件,m4a是什么文件格式,,万能播放器,0
我们与恶的距离,我们与恶的距离,,我与你的光年距离2,0
举起手来2,举起手来2,,NBA直播软件大全,0
全家乱,,,乱世王者,0
洛奇英雄传补丁,洛奇英雄传补丁安装在哪,,地雷英雄传,0
周生生,周生生官网,,苹果官网,0
熟习,熟悉的意思,,熟悉的味道,0
观察者网,观察者网,,NBA直播软件大全,0
湖南卫视,湖南卫视节目表,,2016湖南卫视中秋之夜,0
新福克斯定速巡航怎么用,12款新福克斯定速巡航怎么用,,135编辑器电脑版,0
wzzs,无职转生在线观看,,无法抗拒的恋爱,0
诗经又称作什么,诗经又称作什么,,作战吧偶像,0
2345,2345天气预报,,2345加速浏览器,0
中国人体艺术,中国人体器官捐献中心,,中国新歌声,0
客优云,客优云,,云译客,0
周转率,周转率计算公式,,标准体重,0
布米米,布米米,,欧布奥特曼,0
origin软件中的COMMENTSs是什么意思  ,,,爱剪辑,0
太空狼人游戏,太空狼人游戏下载,,5173游戏交易下载,0
如懿传,如懿传电视剧免费完整版在线观看,,如懿传,0
五寸照片的尺寸,五寸照片的尺寸是多少厘米,,图片处理软件大全,0
http://gkzy.eaag,,,京东,0
拼多多,拼多多安全下载,,拼多多上货助理,0
小小精灵最实用的精灵,小小精灵精灵大全,,精灵王座,0
山东气象台,山东气象台,,星球大战,0
招聘,招聘,,智联招聘,0
4399,4399游戏盒下载,,4399小游戏,0
觉醒年代,觉醒年代,,年代秀,0
百世快递（557063291436983),百世快递单号查询,,快递查询,0
俄罗斯生二胎,娶了个俄罗斯生二胎,,俄罗斯方块,0
苋怎么读,苋怎么读,,2345看图王,0
抗战高小,,,姥爷的抗战,0
节电模式,节电模式黑屏怎么解除,,H1Z1（大逃亡模式）,0
生态环境部,生态环境部,,天龙八部,0
珍惜作文,珍惜作文,,且行且珍惜,0
更换背景颜色,更换背景颜色,,搜狗拼音输入法,0
西游记续集,西游记续集,,西游记女儿国,0
助学贷款,助学贷款怎么申请,,个税计算器 2019 V2.0,0
http//www.251314。vip,,,爱奇艺,0
番茄小说免费版下载,番茄小说免费版下载,,小说快捕官方免费下载,0
永劫无间,永劫无间,,无间道,0
我们都要好好的,我们都要好好的电视剧免费观看,,芸汐传,0
win10如何查看电脑配置,win10如何查看电脑配置,,金舟录屏大师,0
最冷一天,最冷一天,,绝代双骄,0
大学排行榜,大学排行榜,,怪兽大学,0
4399,4399游戏盒下载,,4399小游戏,0
天空,天空之城,,女人的天空,0
双截棍,双截棍歌词,,鲛珠传,0
80S毛片,,,80s手机电影 下载,0
风筝,风筝姑娘,,风筝,0
庆余年电视剧免费观看完整版,庆余年电视剧免费观看完整版,,天将雄师,0
dell官网,dell官网,,苹果官网,0
绿岛风,绿岛风,,风声,0
上财门户,上财门户统一身份认证,,八棺索财,0
原神,原神,,我不是药神,0
公司起名,公司起名字大全免费,,神奇公司在哪里,0
中班个人工作计划,中班个人工作计划,,一个人战争,0
十大元帅有几个是黄埔军校的,黄埔少年军校,,2345加速浏览器,0
末班车心理,末班车心理是什么意思,,心理罪,0
温哥华时间,温哥华时间,,北京时间,0
华为云,华为云服务官网,,华为电脑管家,0
回合制游戏,回合制游戏,,2345游戏,0
许宁宁,许宁宁,,你迟到的许多年,0
扫黑,扫黑风暴,,扫黑英雄,0
重庆城市科技学院官网入口,重庆科技大学城市学院官网,,CNKI全球学术快报,0
课程帮,课程帮学生登录入口,,妈妈帮,0
灭世医神下载,灭世医神txt下载免费,,2345灭神,0
多宝鱼,多宝鱼清蒸的做法,,斗鱼,0
喜羊羊与灰太狼,喜羊羊与灰太狼拟人图,,喜羊羊与灰太狼之发明大作战,0
天津中医药大学,天津中医药大学,,天下无双,0
山河令,山河令,,如梦令,0
太空站英语,太空站英语怎么读,,完美英语视听学习王,0
前怕,前怕虎后怕狼对应的成语,,爱情面前谁怕谁,0
生意社,生意社,,天涯社区 下载,0
19,十九大闭幕,,19楼,0
小愺,小愺游戏,,小游戏大全,0
好看的电视剧,好看的电视剧推荐几部 前十名,,电视剧之王,0
MIUI,miui12.5增强版,,快播5.0,0
风车,风车动漫 - 专注动漫的门户网站官网,,樱花动漫网,0
暗格里的秘密电视剧免费观看,暗格里的秘密电视剧免费观看19集剧情,,暗恋·橘生淮南,0
社会实践,社会实践心得体会,,学习强国,0
万宝楼,万宝楼,,听雪楼,0
error,error是什么意思中文,,孢子 中文版,0
宿迁学院,宿迁学院,,星学院,0
海南高考,海南高考落户政策,,全城高考,0
珊瑚颂,珊瑚颂原唱,,欢乐颂,0
电视剧因为爱情有多美48集免费观看,电视剧因为爱情有多美剧情分集介绍,,芸汐传,0
电视连续剧新世界全集,电视连续剧新世界全集播放,,海绵宝宝,0
西游记,西游记,,西游记女儿国,0
华为mate50,华为mate50,,华为电脑管家,0
乡村爱情14,乡村爱情14部开播日期,,乡村爱情9,0
min是什么意思,min是什么意思,,绿茶妹,0
2345,2345天气预报,,2345加速浏览器,0
中国好声音,中国好声音2021,,中国好声音 2018,0
云雀医,云雀医高血压摸底考试答案2021年,,妖医,0
推力器,推力器,,流星游戏加速器,0
安徽医科大学,安徽医科大学第一附属医院,,安徽卫视2015国剧盛典,0
方特,方特游乐园门票多少钱,,米折特卖 下载,0
响水,响水天气预报,,天气预报,0
安装cpu版本的tensorflow,安装cpu版本的tensorflow下载太慢,,微信 电脑版,0
许凯,许凯演过的电视剧大全,,唐嫣,0
人人通学生账号登录平台登录,人人通学生账号登录平台登录,,支付宝 官方下载,0
单田芳,单田芳,,经典评书大全,0
软件管家,软件管家,,NBA直播软件大全,0
软件管家,软件管家,,NBA直播软件大全,0
霸道总裁爱上我,霸道总裁爱上我漫画免费阅读全部,,就是要你爱上我,0
七星彩,七星彩开奖号码查询结果,,彩象岛女孩,0
邮箱登陆,邮箱登陆,,189邮箱,0
甲午风雨,甲午风云,,风雨咒 ,0
b,北京普惠健康保,,私奔B计划,0
邮箱,邮箱格式怎么写,,189邮箱,0
天堂日落下载,天堂日落 BT 下载,,血战钢锯岭,0
http//202.61.89.231/resultslist,,,京东,0
注入机,注入机,,NBA直播软件大全,0
bi里比例,哔哩哔哩,,哔哩哔哩PC客户端,0
蒸汽使用管理,蒸汽使用管理制度,,WeTool (微信管理工具),0
包头市不动产,包头市不动产登记中心官网,,多玩DNF盒子,0
梦幻网,梦幻西游网页版,,NBA直播软件大全,0
云算力靠谱,云算力靠谱吗,,360安全卫士正式版,0
labixiao,腊笔小新,,蜡笔小新,0
风车动漫 - 专注动漫的门户网站官网,,,樱花动漫网,0
与君歌,与君歌电视剧免费观看,,胡歌,0
贴吧,贴吧,,百度贴吧 官方下载,0
新疆工商,新疆工商网上办事大厅,,工商银行,0
b,北京普惠健康保,,私奔B计划,0
哈尔滨李桐案,哈尔滨李桐案警醒,,了不起的女孩,0
看美剧的电视软件,有没有可以看美剧的电视软件,,NBA直播软件大全,0
可画,可画app教程,,快看漫画 电脑版,0
win10如何切换D盘启动,win10切换u盘启动,,转转大师数据恢复软件,0
长沙理工大学,长沙理工大学,,战长沙,0
谢晖说了什么,谢晖都说了什么,,报告教练,0
流星花园解说,流星花园台湾版本,,杀手6,0
不等式的解集,不等式的解集,,档案,0
贵州采购,贵州采购网官网,,非常完美,0
PC IRY2200,,,网易云音乐(PC端),0
" 狐妖小红娘更新",狐妖小红娘更新到哪里了,,EUI插件更新器,0
.,.......天堂在线,,一念天堂,0
婚纱,婚纱,,刘恺威,0
范晓丽,范晓丽,,看见你的声音,0
山东财经大学,山东财经大学,,星球大战,0
速度和加速度练习题,速度位移公式,,速度与激情7,0
昆山S1号线,昆山s1号线什么时候通车,,一号目标,0
灵梦御所,灵梦御所官网,,精灵梦叶罗丽5,0
中国证监会官网,中国证监会官网,,苹果官网,0
不容否定,"历史不容篡改,事实不容否定",,女人不容易,0
德力官网,德力西官网,,PPTV聚力网络电视,0
吴亦凡,吴亦凡最新事件进展,,吴亦凡,0
你是我的荣耀,你是我的荣耀,,荣耀大天使,0
风筝和三角形的关系,三角形风筝的线绑在哪里,,腾讯QQ 2019,0
国家助学贷款,国家助学贷款官网登录,,支付宝 官方下载,0
聚氨酯海绵,聚氨酯海绵,,海绵宝宝,0
猫耳庄园,摩尔庄园官服,,摩尔庄园小游戏,0
超级人生,超级人生陈平江婉全文免费阅读最新章节,,飞驰人生,0
南京位置,南京位置,,痣相图解,0
踏山河,踏山河,,踏破硝烟,0
何新博客新浪博客,何新博客新浪博客,,新浪微博 官方下载,0
163,163 邮箱,,网易邮箱,0
爆破人游戏,爆破人游戏下载,,双人游戏集合,0
网络搏击手,网络搏击手是什么意思,,陈翔六点半之民间高手,0
我们之中,我们之中,,我们仨,0
看片网,给我一个可以看片的,,NBA直播软件大全,0
斗破苍穹第四季,斗破苍穹第四季,,斗破苍穹,0
南林蔷薇花墙,蔷薇花墙图片,,武林风,0
福建省网上办事大厅官网,福建省网上办事大厅官网,,苏宁易购,0
动物世界电,动物世界电影,,动物世界,0
过氧乙酸又叫什么,过氧乙酸又叫什么名,,以你为名的青春,0
清河县百旺山,,,寒山潜龙,0
铁根游戏解说,铁根游戏解说真人照片,,杀手6,0
星空影院,星星影院,,那片星空那片海2,0
开心超人童话故事是哪一季,开心超人童话故事是哪集,,妈妈是超人,0
新闻时评,新闻时评,,大象新闻客户端,0
末日戒备,末日戒备免费完整版在线观看,,末日崩塌,0
重庆医科大学,重庆医科大学,,中国超模,0
乳果糖,乳果糖口服溶液,,张天爱个人资料,0
dj多多,dj多多最新版免费下载,,高音质DJ音乐盒,0
4399,4399游戏盒下载,,4399小游戏,0
黑猫警长,黑猫警长儿歌,,儿歌多多-辣妈必备,0
心动的信号4,心动的信号4免费观看完整版,,心动的信号,0
计算器,计算器在线,,在线计算器,0
4399,4399游戏盒下载,,4399小游戏,0
xingkong英语,星空英语怎么说,,完美英语视听学习王,0
i've,i've是什么的缩写 怎么读,,爱思助手,0
http://www.icourse163.org,,,京东,0
怎么查看炉石传说战绩,如何查看炉石传说战绩,,2345看图王,0
观察者,观察者网,,NBA直播软件大全,0
阿里云邮箱个人版,阿里云邮箱个人版,,WPS Office中文版,0
张大仙,张大仙,,大仙衙门,0
青岛电器城,青岛电器城在哪里,,青岛往事,0
HUNANWEISHI,湖南卫视,,2016湖南卫视中秋之夜,0
中小学生网络云平台网课,中小学生网络云平台网课下载,,智慧树,0
日本,日本黑帮叫嚣审判长,,狙击小日本,0
飞上天二狗子,梦见狗子追鸟飞上天,,鸡毛飞上天,0
怀旧服AH手续费,怀旧服ah手续费多少,,魔兽大脚,0
扫黑,扫黑风暴,,扫黑英雄,0
猫能喝酸奶吗,猫能喝酸奶吗,,万能苹果恢复大师,0
雪颜花,雪颜花蜜护肤品,,情满雪阳花,0
喜剧,喜剧电影 爆笑前十名,,人间·喜剧,0
胡贯三,胡贯三,,胡莱三国3,0
电视连续剧新世界全集,电视连续剧新世界全集播放,,海绵宝宝,0
阿里云邮箱,阿里云邮箱个人版,,WPS Office中文版,0
3d,3d开奖结果查询,,传奇世界3D,0
剪力计算公式,剪力计算公式,,标准体重,0
天凤,天凤麻雀,,凤唳九天,0
全职法师第二季,全职法师第二季,,邻家诗话第二季,0
籺怎么读,籺怎么读,,2345看图王,0
天眼网页入口,天眼查网页入口,,千牛工作平台,0
周星驰,周星驰的电影,,周星驰,0
芝诺龟,芝诺龟解决方法,,月老神龟,0
琴谱光遇,琴谱光遇,,夜孔雀,0
零一裂变,零一裂变(深圳)科技有限公司,,大秦帝国之裂变,0
电视剧鼎丰号,电视剧鼎丰盛行,,顺丰速运,0
张家口学院,张家口学院,,星学院,0
发现同义词,发现同义词,,走近科学,0
重生：军婚,重生军婚小说,,重生细胞,0
录入吧,录入吧,,NBA直播软件大全,0
名侦探柯南,名侦探柯南,,绝海的侦探,0
威海安全教育平台,威海安全教育平台,,赶集生活 官方下载,0
荣耀夫妇,荣耀夫妇,,荣耀大天使,0
深圳卫视,深圳卫视节目表,,深圳合租记,0
头条,今日头条,,今日头条助手,0
刺客伍六七,刺客伍六七,,寡妇刺客,0
苏语棠,苏语棠麻豆,,小公主苏菲亚第二季,0
上升天秤座的女生,上升天秤座的女生,,漫兜兜壁纸,0
打胎一次多少钱,打胎一次多少钱一次,,人生第一次,0
日本,日本黑帮叫嚣审判长,,狙击小日本,0
电脑风扇不转是什么原因,电脑风扇不转是什么原因,,转转大师数据恢复软件,0
邮箱163登录,邮箱163登录,,网易邮箱,0
我在他乡挺好的电视剧免费观看,我在他乡挺好的电视剧免费观看在线,,芸汐传,0
dtshot,dtshot音乐下载,,百度音乐(千千静听)- 安全下载,0
青梅七分甜下载,青梅七分甜txt下载,,甜蜜杀机,0
同窗生,同窗生,,双生,0
" 男生被挠痒痒",有男生挠痒痒的吗,,韩剧TV,0
霍尊,霍尊,,歌手2018,0
CT低密度,ct低密度影是什么意思,,绿茶妹,0
高质量女生头像,高质量女生头像,,头像,0
我是辣鸡,我是辣鸡什么意思,,我是杜拉拉,0
容桂政府网官网,辽宁省政府网官网,,LoL皮肤美化大师,0
中国排协官网,中国排协官网,,CNKI全球学术快报,0
周生如故,周生如故大结局,,生死翻盘,0
7月汽车销量,7月汽车销量排行榜2021,,网页游戏排行榜2021,0
学生事务服务平台登录,河南学生事务服务平台登录,,一起学直播,0
笑话,笑话大全 爆笑简短,,十万个冷笑话2,0
彩吧,彩吧论坛首页,,天涯社区 下载,0
扫黑风暴,,,扫黑英雄,0
3D,3d开奖结果查询,,传奇世界3D,0
拼多多,拼多多,,拼多多上货助理,0
http://www.agency.baoyun18.com/,,,京东,0
芒果,芒果视频,,芒果tv,0
郭杰瑞,郭杰瑞,,我在锡林郭勒等你,0
王子文演过的电视剧大全(全部),王子文演过的电视剧大全(全部),,唐嫣,0
缘来客,缘来客,,缘来幸福,0
吃货俱乐部,吃货俱乐部,,前女友俱乐部,0
链家网,链家网,,百度网盘(原百度云管家),0
HKC和AOC,hkc和aoc哪个好,,腾讯电脑管家,0
复数的运算公式,复数的运算公式除法,,转转大师数据恢复软件,0
古剑奇谭网络版海外版,古剑奇谭网络版海外版官网,,苹果官网,0
oclean官网,oclean x,,苹果官网,0
三菱镜,三菱镜,,三妹,0
八零,八零之改嫁隔壁老王,,老婆大人是80后,0
3dm,3dm,,杀出重围2人类分裂,0
浙江政务网,浙江政务网,,2016浙江卫视跨年晚会,0
个体工商户个税税率,个体工商户个税税率,,2019个税计算器,0
潮流合伙人1,潮流合伙人1季,,潮流合伙人第二季,0
理想之城,理想之城,,幻乐之城,0
清风dj,清风dj音乐网,,高音质DJ音乐盒,0
王荣村,王荣村,,王者荣耀,0
理想之城电视剧免费观看,理想之城电视剧免费观看,,芸汐传,0
中国好声音2021,中国好声音2021在线观看免费,,创造营2021,0
澳门六合彩,,,澳门风云,0
软路由,软路由,,模拟火车2012,0
王双,王双,,海贼王无双3,0
sj是什么意思,sj是什么意思,,神话放送,0
oppov1901A多少钱,,,qq飞车 ,0
balluff巴鲁夫官网,balluff巴鲁夫位移传感器,,千牛工作平台,0
灯塔,灯塔-党建在线,,黑色灯塔,0
9dm,9dm论坛,,NGA玩家社区,0
永劫无间,永劫无间,,无间道,0
吴亦凡,吴亦凡最新事件进展,,吴亦凡,0
" 国乒综艺",国乒综艺有哪些,,心动的信号,0
百度一下,百度一下百度,,百度糯米 下载,0
兮小月,,,归去来,0
电视怎么设置投屏,电视怎么设置投屏,,人人视频,0
HTTP ERROR -2146697208,,,京东,0
下载速度测试,下载速度测试,,网速测试器,0
理想之城,理想之城,,幻乐之城,0
湖南省中小学教师发展网登录入口,湖南省中小学教师发展网登录入口,,网易邮箱,0
163,163 邮箱,,网易邮箱,0
安徽新闻网视觉安徽,安徽新闻网视觉安徽频道,,安徽卫视2015国剧盛典,0
赤脚大亨,赤脚大亨泰剧,,传奇大亨,0
细度板,细度板测细度的原理,,问卷网,0
忍冬,忍冬,,忍冬艳蔷薇,0
hs,hs编码查询,,邮编查询,0
警花与警犬2,警花与警犬2,,NBA直播软件大全,0
腾讯手机模拟,腾讯手机模拟器电脑版,,腾讯手游助手,0
平行进口车价格查询,平行进口车价格查询,,中通快递,0
DJ,东京奥运会,,高音质DJ音乐盒,0
5G 医疗健康  基金,,,丁香医生,0
罗马帘,罗马帘图片,,罗马第1季,0
奥运会赛程,奥运会赛程,,里约奥运会直播,0
贫僧不想当影帝,贫僧不想当影帝txt下载,,谁的青春不迷茫,0
http://shop.ewlian.com/,,,京东,0
扫黑风暴,,,扫黑英雄,0
孙红雷老婆,孙红雷老婆,,孙红雷,0
国美电器,国美电器,,苏宁易购,0
天河区邮编,天河区邮编,,邮编查询,0
腾讯企业,腾讯企业邮箱登录入口,,腾讯企业QQ,0
笑话一句话,笑话一句话,,十万个冷笑话2,0
双一流吧 百度贴吧,,,百度贴吧 官方下载,0
魔法科高校的劣等生七草,魔法科高校的劣等生七草真由美结局,,小草青青,0
youtaotu,有套图片,,去马赛克软件大全,0
厨房电器哪个品牌好,厨房电器十大名牌,,NBA直播软件大全,0
明,明朝皇帝顺序列表,,黄晓明,0
心动的信号第四季,心动的信号第四季,,心动的信号,0
徐州,徐州天气,,百姓网官方app,0
ass文件怎么转zip,ass文件怎么转化为srt,,转转大师数据恢复软件,0
草莓印,草莓印小说全文免费阅读,,微商水印相机,0
曹作兰,曹作兰,,我的新衣,0
包背纸,包背纸是什么,,漫兜兜免费壁纸,0
星辰影院,星辰影院,,陨落星辰第5季,0
凹凸世界第三季,凹凸世界第三季,,女儿们的恋爱第三季,0
http://www.xags.gov.cn,,,京东,0
5ing,5sing原创音乐,,5sing原创音乐基地,0
古代,古代言情小说,,少林寺传奇藏经阁,0
陕西市场监督管理局官网,陕西市场监督管理局官网,,问卷网,0
客服述职报告怎么写个人,物业客服述职报告怎么写个人,,最美简历制作,0
omo.xdf.cn,omoxdfcn云教室安装,,百度网盘(原百度云管家),0
春,春江花月夜,,青春斗,0
心理健康咨询,心理健康咨询,,腾讯QQ 2019,0
怎么把电脑亮度调低,怎么把电脑亮度调低一点,,人人视频,0
datealive,datealive吧,,NBA直播软件大全,0
上海盛剑,上海盛剑环境系统科技有限公司,,三少爷的剑,0
4399,4399游戏盒下载,,4399小游戏,0
真不卡,真不卡影院向往的生活,,卡拉偶客,0
经典人文地理二战全集,经典人文地理二战全集最后的较量,,经典咏流传第四季,0
汪国明太极拳,,,对口型大作战,0
锤子手机,锤子手机,,NBA直播软件大全,0
鸿雁 伴奏,,,中国正在听,0
祖宗十九代,祖宗十九代电影完整版免费观看,,祖宗十九代,0
老婆子,老婆子是什么意思,,绿茶妹,0
中国和海,中国和海,,家和万事兴,0
儿歌大全100首连播放0-3岁,儿歌大全100首连播放0-3岁l,,儿歌多多-辣妈必备,0
挺住李波罗,挺住李波罗电视剧在线观看,,了不起的女孩,0
芒果,芒果TV,,芒果tv,0
17k小说网官网,17k小说网官网,,苹果官网,0
adobe,adobe,,Adobe Premiere,0
化学元素周期表,化学元素周期表,,元素周期表,0
浙江卫视818,浙江卫视818晚会节目单,,2016浙江卫视跨年晚会,0
千古玦尘电视剧免费观看,千古玦尘电视剧免费观看,,芸汐传,0
老夫子出装,老夫子出装六神装 最强2021,,赏金猎人,0
天之骄女,天之骄女,,永春白鹤拳,0
抖店下载,抖店下载,,抖音短视频电脑版,0
vip解析,vip解析,,禁闭岛,0
邮箱登录,邮箱登录163登录入口,,189邮箱,0
age动漫官网,age动漫官网入口,,樱花动漫网,0
导管,导管是什么意思,,绿茶妹,0
血色湘西,血色湘西,,血色黎明,0
bil,bilibili,,垫底辣妹,0
什么是更年期,什么是更年期,,我不是潘金莲,0
造化之主,造化之主,,小说快捕官方免费下载,0
凤凰,凤凰网,,我是特种兵3,0
古风,古风漫画网,,有妖气漫画,0
一个新途径,京一新途径,,一个勺子,0
快乐8,快乐8开奖结果,,快乐哆唻咪,0
保定学院,保定学院教务网,,星学院,0
陈俊安,陈俊安个人资料简介,,安居客,0
豪门夜宴,豪门夜宴在线观看粤语完整版,,澳门风云3,0
求生一加一第一季国语全集免费观看,求生一加一第3国语全集,,终极一班3,0
湖南卫视,湖南卫视节目表,,2016湖南卫视中秋之夜,0
http://cn.creative.com,,,京东,0
4399,4399游戏盒下载,,4399小游戏,0
casmart,casmart商城,,天猫商城,0
兽人必须死c  ,兽人必须死cg,,坏蛋必须死,0
人法地动漫,太阳之法 动漫,,七人魔法使,0
郭富城身高,郭富城身高,,最萌身高差,0
伤不起,伤不起,,悲伤逆流成河,0
艾斯,艾斯奥特曼,,捷德奥特曼,0
superior的用法和搭配,superior to的用法,,NBA直播软件大全,0
草料,草料二维码,,二维码生成器,0
家长委会员制度,家长委会员会发言稿,,问卷网,0
绿灯行电缆集资,绿灯行电缆视频,,美味夜行侠,0
两个呆念什么,两个呆念什么槑头槑脑,,一念天堂,0
威海智慧云平台,威海智慧云平台学生登录,,智慧树,0
烟悦网,烟悦网,,音悦台 最新版,0
走马原唱,走马唱的是什么,,知乎,0
高利中继站,星际战甲中继站高利,,Tencent WeGame（原TGP腾讯游戏平台）,0
格林美,格林美,,美丽说 下载,0
80s,80s,,80s手机电影 下载,0
觉醒年代免费观看全集,觉醒年代免费观看全集完整版,,风云年代,0
思美人电视剧免费全集,思美人电视剧免费全集土豆,,游泳先生,0
勇士的信仰精灵怎么加点,勇士的信仰拳法怎么加点厉害,,转转大师数据恢复软件,0
环球网,环球网,,环球网校,0
张文宏,张文宏,,大秦赋,0
死神来了,死神来了2,,死神来了5,0
肖战,肖战名誉侵权案胜诉,,燃烧吧少年！,0
四川阿坝,四川阿坝,,麻将游戏,0
610键盘怎么设置自动按键,电脑怎么设置自动按键盘,,电脑自动关机软件,0
我的博士老公电视剧全集免费观看,我的博士老公电视剧全集免费观看,,游泳先生,0
K,ktown4u官网,,NBA直播软件大全,0
马,马国强,,盗马记,0
歌颂祖国的歌曲,歌颂祖国的歌曲,,我不是潘金莲,0
合成钻石,合成钻石一克拉多少钱,,照片合成软件大全,0
成人动漫,,,樱花动漫网,0
耽美动漫,腐剧,,美妙天堂第三季,0
4399,4399游戏盒下载,,4399小游戏,0
企写写,,,易企秀,0
谎言背后,谎言背后,,谎言游戏,0
姑且,姑且是什么意思,,绿茶妹,0
爱优漫,爱优漫,,乡村爱情浪漫曲,0
碳酸锂价格,碳酸锂价格,,转运玉坠,0
邢台房产,邢台房产,,大师开光文昌笔,0
扫黑风暴,,,扫黑英雄,0
bing国际,bing国际版,,王者荣耀 电脑稳定版,0
歧视,歧视是什么意思?,,绿茶妹,0
清镇市人民政府官网,清镇市人民政府官网,,苹果官网,0
亲爱的 电视剧,,,亲爱的她们,0
小飞虫,小飞虫怎么消灭小窍门,,飞卢小说,0
数学周报,数学周报七年级下册答案2020-2021,,MathType(数学公式),0
大学区制,大学区制名词解释,,定制幸福,0
黄泥浆,黄泥浆岗,,刺客列传2,0
工标网,工标网,,求职app推荐,0
喷嚏,喷嚏网,,NBA直播软件大全,0
上游电视剧免费观看全集完整版21集,上游电视剧免费观看全集完整版21集预告,,游泳先生,0
奥特曼,奥特曼格斗进化3,,捷德奥特曼,0
快递批量,快递批量发货价格,,中通快递,0
嗨学网,嗨学网,,智学网,0
小吴日记,小吴日记,,发财日记,0
扫黑风暴,,,扫黑英雄,0
激情av,,,速度与激情7,0
江西抚州,江西抚州职业技术学校,,传奇故事,0
理想之城免费观看完整版,理想之城免费观看完整版星辰影院,,天将雄师,0
林丹 吐槽大会,,,吐槽大会,0
乔家的儿女电视剧免费观看,乔家的儿女电视剧免费观看完整版,,小风暴之时间的玫瑰,0
电视剧决战江桥,电视剧决战江桥全集免费完整版,,决战江桥 ,0
4399小游戏,4399小游戏,,4399小游戏,0
x特遣队,x特遣队全员集合,,X特遣队,0
818晚会节目单2021,818晚会节目单2021湖南卫视,,春节联欢晚会,0
我和嫂嫂,,,我和两个他,0
校园局域网,校园局域网的设计与实现,,校园篮球风云,0
枸橘酸,枸橼酸莫沙必利片的功效,,酸甜苦辣小夫妻,0
体彩官网,体彩官网,,苹果官网,0
http://www.chinatelecom.com.cn/zp/,,,京东,0
重庆市继续医学教育网官网登录入口,重庆继续教育学院官网,,千牛工作平台,0
sci-hub官网,sci-hub官网,,苹果官网,0
熟女吧,,,NBA直播软件大全,0
打字怎么快,打字怎么快速找到需要找的字,,迅雷快传,0
d站,d站,,17173手游官方下载,0
音响,音响品牌,,米折特卖 下载,0
通天岩,通天岩,,柳岩,0
小说,小说排行榜2020前十名,,飞卢小说,0
官神,官神,,2345灭神,0
沈瑞芳,沈瑞芳知乎,,沈腾,0
pycharm设置字体大小,pycharm设置字体大小快捷键,,EUI插件更新器,0
546中-中,,,警中警之警中兄弟,0
我热恋的故乡,我热恋的故乡原唱版,,我的宝贝,0
桃乐豆,桃乐豆,,豆瓣电台(豆瓣FM),0
青青河边草,青青河边草,,小草青青,0
免费看剧网址,免费观看电视剧大全网站,,芸汐传,0
hdt插件下载,hdt插件下载速度慢,,realcodec播放器插件,0
风车动漫,风车动漫,,樱花动漫网,0
整木定制是什么意思,整木定制的门是什么意思,,绿茶妹,0
连云港警,连云港警备区,,百姓网官方app,0
拔萝卜儿歌 ,拔萝卜儿歌,,儿歌多多-辣妈必备,0
EUA,eua是什么意思,,绿茶妹,0
" 4399",4399游戏盒下载,,4399小游戏,0
中国队长,中国队长燕双鹰,,惊奇队长,0
非礼勿视                   古义：              。,,,信义,0
列萝莉,,,狂鼠列车,0
与课堂,"与课堂教学相比,网络教学的优点和缺点是什么",,腾讯课堂,0
城市gdp吧,城市gdp,,城市恋人,0
ｔｊ,天津天气,,天气预爆,0
安全助手,安全助手app,,火绒安全软件,0
高权  军区司令员   的电视剧,,,女总裁的贴身高手,0
生活小妙招,生活小妙招,,小森生活,0
重生唐三,重生唐三第五册,,重生细胞,0
人民币上的文字,人民币上的文字,,逆流而上的你,0
雁什么传什么,什么雁传什么成语,,NBA直播软件大全,0
豆瓣,豆瓣,,豆瓣电台(豆瓣FM),0
樱桃谷,樱桃谷鸭,,樱桃红,0
医师节,医师节,,收获的季节,0
什么是中国共产党,什么是中国共产党的根本政治立场,,我不是潘金莲,0
周生如故电视剧,周生如故电视剧免费观看,,战将,0
魔道祖师第一季,魔道祖师第一季,,荒原第一季,0
139,139邮箱,,139邮箱 官方下载,0
明月几时有,明月几时有把酒问青天的全诗是,,明月几时有,0
小猪佩奇动画片全集免费观看,小猪佩奇动画片全集免费观看的中文版,,漫兜兜免费壁纸,0
米其林轮胎,米其林轮胎,,旋转轮胎,0
蜜瓜蒌,蜜瓜蒌皮的功效与作用,,甜蜜,0
宠物小精灵剧场版,宠物小精灵剧场版,,银魂,0
推推99,推推99,,黑暗之魂2原罪学者,0
蚂蚁上树什么意思,蚂蚁上树什么意思,,绿茶妹,0
4480,,,YY4480首播影院,0
木偶动画,木偶动画,,神魄,0
杨海英,,,又是吴海英,0
三年A班,三年a班,,少年班,0
迁安,迁安天气预报,,天气预报,0
湖南卫视,湖南卫视节目表,,2016湖南卫视中秋之夜,0
特兰托,特兰托木纹砖,,特技摩托进化,0
打羽毛球的好处和坏处,打羽毛球的正确姿势和动作,,恋爱的正确姿势,0
旗开得胜是什么意思,旗开得胜是什么意思,,绿茶妹,0
深井镇,深井镇,,深井食堂,0
蚂蚁上树什么意思,蚂蚁上树什么意思什么服务,,绿茶妹,0
陶特下载,陶特下载安装,,米折特卖 下载,0
2021年高2数学,2021年高老数学,,创造营2021,0
拓者,拓者室内设计吧,,起点读书,0
航天电器,航天电器,,苏宁易购,0
辣文小说,,,起点读书,0
熊猫不高兴,熊猫不高兴的时候是什么样子的,,功夫熊猫3,0
李旺财,李旺财,,新京华烟云,0
抗日电视剧,抗日电视剧,,抗日奇侠2我是传奇,0
4399,4399游戏盒下载,,4399小游戏,0
身份证,身份证号查询四级成绩入口,,身份证,0
我是大哥大,我是大哥大,,我是杜拉拉,0
进击的巨人第四季,进击的巨人第四季,,中国新声代第四季,0
中国林科院,中国林科院,,中国新歌声,0
donghuapian,动画片,,神魄,0
黄山有哪些好吃,黄山有哪些好吃的美食,,叫外卖软件大全,0
斗罗之开局签到绝世斗罗,斗罗之开局签到绝世斗罗下载,,斗罗大陆正版手游,0
中原证劵官网,中原证券官网站首页,,PPTV聚力网络电视,0
斗罗之冰火斗罗,斗罗之冰火斗罗,,斗罗大陆正版手游,0
联盟战绩查询,英雄联盟战绩查询,,lol战斗力查询工具,0
芒果,芒果TV,,芒果tv,0
紧,紧急避孕药对身体的伤害有多大,,放弃我抓紧我,0
国家自然科学基金2021,国家自然科学基金2021公示,,国家底线,0
完美家庭,完美家庭,,完美告白,0
伊斯兰规定,,,驾考宝典电脑版2017,0
怎么在手机上下载Google play,,,2345网址导航桌面版,0
钙元素,钙元素,,元素周期表,0
恩奇都电脑线稿,恩奇都电脑壁纸,,都市妖奇谈,0
中国人事网,中国人事考试网,,中国新歌声,0
黄昏歌词,黄昏歌词,,雷神3：诸神黄昏,0
水莽草,水莽草聊斋志异,,云水怒,0
凌霄云上,凌霄之上百度云,,云巅之上,0
备课心得,备课心得体会,,学科网e备课,0
百家讲坛,百家讲坛全集320部,,百家讲坛,0
熊猫的照片,熊猫的照片大全大图,,功夫熊猫3,0
2016-2018年网剧,2016年和2018年都是什么年,,过年好,0
五竹,五竹,,第五人格,0
湖南卫视,湖南卫视节目表,,2016湖南卫视中秋之夜,0
再见爱人,再见爱人嘉宾,,活着再见,0
" 假如爱有天意",假如爱有天意,,我们相爱吧之爱有天意,0
钢琴游戏,钢琴游戏,,2345游戏,0
标准IO,标准io,,标准体重,0
辞职信格式范文,辞职信格式范文,,毕业论文格式PPT模板,0
" 日本zoozoo",日本zoomic是什么牌子,,狙击小日本,0
河南人事网,河南省考试网,,武林风,0
国内疫情,国内疫情最新消息,,银魂 真人版,0
成山头,成山头,,头像,0
"javhd,com",,,hao123上网导航,0
召组词,召组词和拼音,,使命召唤手游,0
湖南,湖南疫情,,2016湖南卫视中秋之夜,0
搜狗搜索,搜狗搜索,,中国搜索,0
为什么中东无法统一,中东为什么不能统一,,快玩游戏盒 最新版,0
三吱儿,三吱儿是哪里的菜,,爸爸去哪儿第三季,0
国家留学网,国家留学网,,国家底线,0
失落,失落的句子说说心情,,恐龙宝贝之失落的文明,0
杀富富不去 救贫贫不离,,,贫穷富爸爸,0
BT之家,bt之家,,BT盒子(种子搜索器),0
mlr是什么意思,grg什么意思,,绿茶妹,0
湖南卫视,湖南卫视节目表,,2016湖南卫视中秋之夜,0
年轻的母免费观看亲,年轻的傻子免费观看,,钟馗伏魔：雪妖魔灵,0
" 民非",民非企业,,花非花雾非雾,0
赵雅琪,赵雅琪,,我家有个赵大咪,0
做家务的男人第三季免费观看完整版,做家务的男人第三季免费观看完整版西瓜,,天将雄师,0
a站,a站,,NBA直播软件大全,0
中国裁判文书网,中国裁判文书网,,中国新歌声,0
开山网,开山网女鞋批发,,NBA直播软件大全,0
有特异性的免疫细胞有什么,具有特异性的免疫细胞,,2345加速浏览器,0
66,66,,武媚娘传奇,0
广东理工学院,广东理工学院,,天气预报,0
郑大进,郑大进,,傻根进城,0
现代卫生间,现代卫生间装修风格效果图,,又拐个皇帝回现代,0
建党百年,建党百年,,稿定设计,0
周冬雨,周冬雨个人资料,,刘涛个人资料,0
廊坊,廊坊天气,,天气预爆,0
青青爽波多,青青爽的拼音,,张翰,0
破云,破云2吞海,,杀破狼3,0
七上一本英语听力,七上英语听力训练,,神犬小七,0
闰年,闰年的判断方法,,开运水晶手串,0
昆仑英才网,昆仑英才网考试报名中心,,昆仑神宫,0
鸡腿怎么做,鸡腿怎么做好吃又简单,,你会怎么做,0
man-3Sn=8,,,最强大脑第8季,0
回眸医笑,回眸医笑,,医馆笑传2,0
163,163 邮箱,,网易邮箱,0
山财,山财大,,茅山,0
这么是什么意思,这么是什么意思,,娜就这么说,0
小游戏导航网,断网小游戏,,小游戏大全,0
精绝古城,精绝古城,,鬼吹灯之精绝古城,0
跑马岭,跑马岭森林部落,,血战钢锯岭,0
变压器原理,变压器原理与结构,,抢票软件大全,0
邓论,邓伦个人所有资料,,刘涛个人资料,0
oppo,oppo reno 6,,测试6,0
百度知道,百度知道合伙人,,合伙人,0
黯然,黯然是什么意思,,绿茶妹,0
郑爽,郑爽最新消息,,郑爽,0
恨恨射,,,造梦者,0
真我手机云空间通讯簿不能编辑吗,,,360安全卫士正式版,0
vivo,vivo官网,,苹果官网,0
中国建造师,中国建造师网,,中国新歌声,0
C AllStar,,,我们仨,0
山阳论坛,山阳论坛焦作虚拟社区,,NGA玩家社区,0
http://202.194.255.20/,,,京东,0
地方镇,地方镇中心卫生院,,异镇,0
别叫我达芬奇,别叫我达芬奇,,别叫我兄弟,0
考勤,考勤表模板,,毕业论文格式PPT模板,0
觉醒年代,觉醒年代,,年代秀,0
刺客伍,刺客伍六七,,寡妇刺客,0
西瓜,,,西瓜视频电脑版,0
4399小游戏,4399小游戏,,4399小游戏,0
4399小游戏,4399小游戏,,4399小游戏,0
中国医生,中国医生,,儿科医生,0
sogoushurufa,sogou输入法APP,,NBA直播软件大全,0
818晚会节目单2021,818晚会节目单2021湖南卫视,,春节联欢晚会,0
仙王的日常生活,仙王的日常生活,,王的面孔,0
中国在联合国安理会,中国在联合国安理会投的反对票有哪些,,中国正在听,0
liuyaowen,刘耀文个人资料,,刘涛个人资料,0
球球英雄官方版下载,球球英雄官方版,,球球大作战,0
http://202.194.255.20/,,,京东,0
富兰克林的故事,富兰克林的故事,,龙门村的故事,0
只为寻回你的人 ,只为寻回你的人是什么歌,,只为遇见你,0
通灵妃,通灵妃,,双世宠妃,0
华泰证券交易软件官方下载,华泰证券app官方下载,,百度地图app官方下载,0
4399,4399游戏盒下载,,4399小游戏,0
4399,4399游戏盒下载,,4399小游戏,0
电视剧闯关东李幼斌版,电视剧闯关东李幼斌版免费观看,,封神榜,0
湖南卫视818,湖南卫视818晚会在线观看,,2016湖南卫视中秋之夜,0
产科高危,产科高危门诊主要看什么,,产科男医生,0
AM,爱慕网,,NBA直播软件大全,0
巨人,巨人观,,圆梦巨人,0
扫黑风暴,,,扫黑英雄,0
马鞍山,马鞍山天气,,天气预爆,0
宁夏大雨,宁夏大学,,怪兽大学,0
爱色影497,,,刑警本色,0
abo车文,abo车催化剂,,极品飞车19,0
周生如故,周生如故电视剧免费观看,,游泳先生,0
科目二好过吗,科目二好过吗,,旋风少女第二季,0
警察学院,警察学院,,警察日记,0
白蛇缘起,白蛇缘起,,雷震子：封神缘起,0
110英语,110英语怎么读,,完美英语视听学习王,0
赵丽颖,赵丽颖道歉,,赵丽颖,0
拼多多后台登录,拼多多登录平台登录入口,,189邮箱,0
萌妹丧尸,呆萌丧尸图片,,丧尸国度第1季,0
梦幻新诛仙官网手游官网,梦幻新诛仙官网手游官网下载,,苹果官网,0
极限词查询,极限词查询,,百度指数查看器,0
企鹅,企鹅,,企鹅FM,0
鸿蒙系统,鸿蒙系统手机,,系统之家一键重装,0
b,北京普惠健康保,,私奔B计划,0
12星座,12星座的月份表,,星座,0
奥运会,奥运会,,里约奥运会直播,0
元龙第二季免费观看,元龙第二季免费观看全集在线,,罗龙镇女人,0
变幅怎么计算,统计变幅怎么计算,,排卵期计算器手机版下载,0
文雷,文雷,,激战奥雷卡,0
乐博乐,乐博乐博加盟,,乐教乐学,0
动车查询,动车查询,,兴华车辆管理系统,0
失落的龙约,失落的龙约,,恐龙宝贝之失落的文明,0
国家税务局总局官网,浙江省国家税务局总局官网,,苹果官网,0
高通滤波,高通滤波,,极品飞车9：最高通缉 中文版,0
云考场专业版,云考场专业版app,,赣教云,0
我在他乡挺好的,我在他乡挺好的,,我在北京挺好的,0
34看片网,,,2345看图王,0
罗刹是什么意思,罗刹是什么意思,,绿茶妹,0
浙江卫视,浙江卫视节目表,,2016浙江卫视跨年晚会,0
时尚人生,时尚人生,,时尚王,0
2021天狼影视,2021天狼影视大全2345,,暗恋·橘生淮南,0
清凉谷,清凉谷旅游风景区,,龙之谷,0
法医秦明之无声的证词免费观看,法医秦明之无声的证词免费观看全集,,天赐的声音2,0
猫眼,猫眼票房,,惊奇队长,0
《四季之美》,《四季之美》课文,,猪猪侠之深海小英雄第四季,0
中央电视台一套节目表,中央电视台一套节目表直播在线观看,,CBox央视影音,0
煮鸡蛋的正确方法,煮鸡蛋的正确方法,,恋爱的正确姿势,0
cc,cctv5在线直播观看,,二叔,0
宅特曼,宅特曼,,捷德奥特曼,0
北京卫视节目表,北京卫视节目表,,闪电大作战,0
电视剧战狼决,电视剧战狼决全集播放,,铁血战狼,0
fcm,fcm是什么意思,,绿茶妹,0
碟中谍6,碟中谍6,,测试6,0
PR,pr,,蜜蜂剪辑,0
绝密谍杀,绝密谍杀电视剧,,我的绝密生涯,0
家有儿女,家有儿女,,家有儿女初长成,0
Gd,gdp是什么意思,,绿茶妹,0
对啊网,对啊网,,NBA直播软件大全,0
绝绝子,绝绝子的意思,,鬼吹灯之精绝古城,0
戏曲艺术,戏曲艺术,,签名设计软件大全,0
移动营业厅,移动营业厅,,移动迷宫2,0
安全管理制度,安全管理制度,,火绒安全软件,0
侦探,侦探,,绝海的侦探,0
连衣裙吧,连衣裙的单词,,NBA直播软件大全,0
知末网,知末网,,CNKI全球学术快报,0
爱艺奇,爱艺奇,,爱奇艺,0
不二之臣,不二之臣,,北京遇上西雅图2,0
赵薇,赵薇穿日本军旗装事件,,左耳,0
致不灭的你,致不灭的你,,看见你的声音,0
曾经你说,曾经你说看星空看日落不如看你的眼眸,,我的爱对你说,0
全世界最好的你,全世界最好的你,,从你的全世界路过,0
tn6文件怎么导入通达信手机版,tn6文件怎么导入通达信视频,,百度网盘(原百度云管家),0
得力1512,得力1512计算器,,得力PDF转Word,0
会计学堂官网登录,会计学堂官网,,百度网盘(原百度云管家),0
朔州,朔州天气,,天气预爆,0
上海嘉园,上海嘉园二手房,,大上海 ,0
网游角色名,网游角色名字大全,,迅游网游加速器,0
BD影视,,,奇米影视盒,0
云考场专业版电脑,云考场专业版电脑怎么下载,,租号玩,0
大生活,大生活,,生活大爆笑,0
最强小农民,,,小说快捕官方免费下载,0
扫黑风暴,,,扫黑英雄,0
高铁,高铁查询,,邮编查询,0
儿歌,儿歌大全100首连续播放,,儿歌多多-辣妈必备,0
消保保证金是什么意思,淘宝消保保证金是什么意思,,"热销佛牌,开光法物",0
移动网上大学,移动网上大学,,115网盘 下载,0
中国邮政储蓄,中国邮政储蓄银行,,中国新歌声,0
欧冠年青人,欧冠杯年青人,,蓝鲸体育,0
燕归人,燕归人,,唐宫燕,0
稻壳阅读器,稻壳阅读器,,TXT阅读器,0
假面骑士龙骑游戏,假面骑士龙骑游戏怎么解锁全部人物,,假面骑士铠武,0
希望OL,希望ol,,红警OL手游,0
VJ师,vj师,,师父,0
电脑画画,电脑画画软件,,陌陌 电脑版,0
重庆,重庆旅游必去景点,,中国超模,0
神秘大佛,神秘大佛打一生肖什么生肖,,神秘家族,0
12306,12306官网,,12306分流抢票,0
monkeyrunner自动化测试,monkey和monkeyrunner的区别,,测试7,0
亲爱的爸妈,亲爱的爸妈,,小爸妈,0
" 福建省网上审批",福建省网上审批系统,,新商盟订烟系统,0
披星戴月,披星戴月是什么意思,,绿茶妹,0
蜘蛛侠英文,蜘蛛侠英文,,蜘蛛侠,0
查关键词排名,如何提高百度搜索排名,,百度指数查看器,0
猪猪侠之竞球小英雄,猪猪侠之竞球小英雄,,猪猪侠之深海小英雄第四季,0
钱三雄,钱三雄,,汉字英雄第3季,0
历史,历史四六级成绩查询,,历史永远铭记,0
离职申请书,离职申请书范文模板,,毕业论文格式PPT模板,0
Mu,牧龙师,,VeryCD 电驴(easyMule),0
天府丸,天府丸治什么病,,弹丸论破,0
硬汉枪神,硬汉枪神高清完整版在线观看,,硬汉奶爸,0
163,163 邮箱,,网易邮箱,0
淡。沫,淡沫是什么意思,,泡沫之夏,0
rpg,rpg游戏是什么,,和平精英 电脑版,0
永劫无间,永劫无间,,无间道,0
生物,生物,,特殊生物调查科,0
影视之家下载,影视之家下载,,2345影视大全下载,0
八六中文网叶凡,八六中文网下载,,起点读书,0
4399,4399游戏盒下载,,4399小游戏,0
党成立100周年谈心谈话,党成立100周年谈心谈话记录,,稿定设计,0
快递100,快递100,,同桌100,0
北京户口,北京户口落户政策2021最新,,户口,0
列夫是什么意思,概述是什么意思,,绿茶妹,0
api store,,,百度地图app官方下载,0
悟空遥控器电视版下载,悟空遥控器电视版官网下载,,三打白骨精,0
flash player,,,Windows Media Player,0
b,北京普惠健康保,,私奔B计划,0
下山毕业典礼,下山青岛大学毕业典礼,,道士下山,0
玫瑰之战,玫瑰之战,,铁血玫瑰,0
茶杯狐,茶杯狐,,狐影,0
雅马哈,雅马哈摩托车,,暴力摩托 中文版,0
台湾影帝有哪些,台湾著名男影帝有哪些,,叫外卖软件大全,0
小新pro16,小新pro16,,蜡笔小新,0
容桂政府网官网,辽宁省政府网官网,,LoL皮肤美化大师,0
A片午夜免费观看,,,免费图片素材批量下载器,0
汤家风,汤家风是哪里人,,汤姆猫和朋友们,0
snh48,snh48,,贴身校花,0
草民影视,,,奇米影视盒,0
羽毛笔,羽毛笔,,火柴人羽毛球,0
pytorch表情识别,pytorch 表情识别,,金馆长斗图表情包,0
平差,平差是什么意思,,最萌身高差,0
rouje官网,rouje官网直邮,,苹果官网,0
羽毛球线如何穿,羽毛球线如何穿线,,金舟录屏大师,0
奇宝斋交易平台,奇宝斋交易平台,,少林寺之得宝传奇,0
163 邮箱,,,网易邮箱,0
杭州师范大学,杭州师范大学,,19楼,0
alichuangzuo,阿里创作平台,,千牛工作平台,0
千年不变的信仰是哪首歌的歌词,,,好久不见,0
扫黑风暴,,,扫黑英雄,0
扣扣邮箱,扣扣邮箱格式是怎样的,,189邮箱,0
手掌心生血痣,手掌心的痣消失了,,浴血重生,0
好看头像,好看头像女生仙气,,头像,0
新视觉影院4480,,,YY4480首播影院,0
商纣王,商纣王,,大王小王,0
玉楼春电视剧免费观看,玉楼春电视剧免费观看,,锦心似玉,0
shicila,诗词朗诵,,中华好诗词,0
cpu补丁,cpu补丁怎么打,,Cpu-Z简体中文版,0
花城跳坑说了什么,花城最后说了什么,,变形金刚5,0
荆楚理工学院,荆楚理工学院官网,,苹果官网,0
好玩的手柄游戏,好玩的手柄游戏,,网页游戏排行榜2021,0
盛大sf,盛大std币今日价格,,2345传奇世界,0
湖南,湖南疫情,,2016湖南卫视中秋之夜,0
比比招标,比比招标官网,,苹果官网,0
tfboys,tfboys八周年,,TFBOYS偶像手记 ,0
山东省教育云服务平台,山东省教育云服务平台,,智慧树,0
真不卡,真不卡影院向往的生活,,卡拉偶客,0
Hop mv,,,人鱼校花,0
武汉纺织大学迎新网,武汉纺织大学迎新网官网,,问卷网,0
挺拉的啥意思,东北话拉挺啥意思,,爱探险的朵拉,0
变形金刚动画片,变形金刚动画片,,变形金刚4,0
野兽主义,野兽主义,,魅力野兽,0
沈小峰,沈小峰,,沈腾,0
快点阅读,快点阅读,,TXT阅读器,0
铜陵,铜陵天气,,天气预爆,0
喋血孤岛电视剧,喋血孤岛电视剧全集免费播放,,电视剧之王,0
pc,pc是什么意思,,网易云音乐(PC端),0
举起手来2,举起手来2,,NBA直播软件大全,0
4399,4399游戏盒下载,,4399小游戏,0
OD,od是什么意思,,绿茶妹,0
李现,李现主演的电视剧有哪些,,李易峰,0
遴选,遴选是什么意思,,绿茶妹,0
盘搜网,盘搜网,,115网盘 下载,0
怎么看电脑配置,怎么看电脑配置,,绝地求生：大逃杀,0
eb8000怎样下载程序,eb8000下载程序出错,,抖屏,0
4399,4399游戏盒下载,,4399小游戏,0
青年之家,青年之家,,北京青年,0
公众号,公众号怎么开通,,U号租,0
合同补充协议,合同补充协议书范本,,房天下,0
我们的新家,我们的新家,,就匠变新家 第二季,0
菏泽市继续教育平台官网,菏泽市继续教育管理平台官网,,闲鱼,0
风暴 孙红雷,,,孙红雷,0
额额,额额,,支付宝 官方下载,0
世纪佳,世纪佳缘,,世纪佳缘,0
元气满满的哥哥,元气满满的哥哥第一季免费观看,,厉害了我的歌,0
高永亮,高永亮,,侠探杰克：永不回头,0
罗马和拜占庭,罗马复兴,,罗马第1季,0
刘浩然,刘浩然个人资料和简历,,刘恺威,0
庆余年,庆余年2,,庆余年,0
高斯能计算什么,高斯计算单点能,,全能星战,0
4399,4399游戏盒下载,,4399小游戏,0
单号557062857549064,,,韵达快递官方app,0
nvic,nvic是什么意思,,绿茶妹,0
番茄小说,番茄小说,,飞卢小说,0
喝茶影视,喝茶影视他在逆光中告白,,奇米影视盒,0
C  ,c罗,,我们仨,0
电脑的世界,电脑的世界,,平凡的世界,0
始音,始音,,疯狂原始人,0
电视剧,电视剧免费观看电视剧大全在线观看,,电视剧之王,0
我们与恶的距离,我们与恶的距离,,我与你的光年距离2,0
将进酒by唐酒卿,将进酒by唐酒卿,,我的小确幸,0
aspen adsorption教程,,,PPT大师,0
长翅膀的哥斯拉,长翅膀的哥斯拉电影,,隐形的翅膀,0
亲爱的爸妈,亲爱的爸妈,,小爸妈,0
想你写信,想你写信吉他谱简单版,,天天想你 ,0
身份证读卡器,身份证读卡器,,身份证,0
4399小游戏,4399小游戏,,4399小游戏,0
哈林教父第二季,哈林教父第二季在线观看,,血族第2季,0
世界微尘里电视剧,世界微尘里电视剧,,千里雷声万里闪,0
长安车机ROOT,长安车机root后开机提醒不是官方系统将在10秒后关机,,龙号机车,0
洪成成,洪成成,,当爱已成往事,0
4399,4399游戏盒下载,,4399小游戏,0
山东气象台,山东气象台,,星球大战,0
heihegongfang,黑盒工坊,,百姓网官方app,0
港剧网,港剧网,,NBA直播软件大全,0
社区个案研究,社区个案研究课题,,天涯社区 下载,0
新片场,新片场,,猎场,0
腾讯云游戏,腾讯云游戏,,微云(腾讯网盘) ,0
延河战火,延河战火,,战火连天,0
12306,12306官网,,12306分流抢票,0
荣耀手机官网,荣耀手机官网,,NBA直播软件大全,0
日本服务器,日本服务器,,狙击小日本,0
李小鹏,,,变形计,0
作者之家,作者之家,,系统之家一键重装,0
东方DS0.8,东方ds0.9,,东方财富,0
于志强,于志强,,三国志11威力加强版 中文版,0
安徽省立医院,安徽省立医院,,安徽卫视2015国剧盛典,0
xxxb,小星星变奏曲,,乡村爱情变奏曲,0
武警学院,武警学院,,星学院,0
贪玩官网,贪玩官网,,苹果官网,0
扫黑风暴,,,扫黑英雄,0
王冰哈尔滨,王冰哈尔滨师范大学,,跨界冰雪王,0
东方卫视节目表,东方卫视节目表,,东方战场,0
白小莲,白小莲扮演者,,白狐,0
CP,cp是什么意思?,,猎场,0
投屏,投屏怎么投到电视上,,人人视频,0
陈奕迅,陈奕迅歌曲,,大牌驾到,0
空山鸟语下载,空山鸟语下载 下载,,财付通 下载,0
霸王别姬,霸王别姬电影,,电影,0
支部发展党员的文章,支部发展党员情况汇报,,文章,0
山东税务局,山东税务局,,星球大战,0
4399小游戏,4399小游戏,,4399小游戏,0
MSI GAMING APP,,,NBA直播软件大全,0
坦克300,,,坦克大战,0
刘流,刘流的个人资料简介,,刘涛个人资料,0
环球视线,环球视线,,环球网校,0
nga,nga,,NGA玩家社区,0
软件怎样卸载,软件怎么卸载,,抖屏,0
北京冬粤会,北京冬残奥会时间,,北京时间,0
看潮网,看潮网,,NBA直播软件大全,0
被蹂躏的她下载,,,0.5的爱情,0
土豆地雷,土豆地雷,,地雷战,0
我的评价是,我的评价是寄是什么意思,,我的女友是苏妲己,0
0- {P;[66666666666666666666666666666666666666666666666666666666666666666666600000000000000000000000000000000000000000000000000000000000000,,,P2P Searcher(P2P种子搜索神器),0
4399,4399游戏盒下载,,4399小游戏,0
深圳核电站,深圳核电站,,深圳合租记,0
黔,黔怎么读,,2345看图王,0
马赛,马赛,,去马赛克软件大全,0
Q=CU,q=cu,,Q版泡泡堂,0
管家,管家婆,,女管家,0
金英杰,金英杰,,金战,0
心血管网站,心血管网站哪个好点,,NBA直播软件大全,0
徐州市住房公积金官网,徐州市住房公积金官网app,,百姓网官方app,0
如何给系统盘分盘,系统盘如何重新分盘,,转转大师数据恢复软件,0
英语四级网课 ,英语四级网课,,乐课网电脑版,0
38线,38线指的是什么,,外公芳龄38,0
4399,4399游戏盒下载,,4399小游戏,0
钻空,钻空子是什么意思,,绿茶妹,0
苏州博物馆,苏州博物馆,,纽约纽约,0
程潇,程潇的胸也太大了,,灵域,0
三级片,,,韩剧TV,0
bilbi,bilbil,,哔哩哔哩PC客户端,0
巧,巧虎,,五笔打字练习,0
变形卡车,变形卡车游戏,,变形计,0
猎聘网招聘,猎聘网招聘官网,,智联招聘,0
操我吧,,,我们战斗吧,0
√5/√3,,,NBA直播软件大全,0
4399,4399游戏盒下载,,4399小游戏,0
如何编程,如何编程写代码,,雨课堂直播,0
网课免费,网课免费,,乐课网电脑版,0
智慧团键,智慧团建登录,,智慧团建,0
扫黑,扫黑风暴,,扫黑英雄,0
http://yx.hbu.cn/,,,京东,0
戚薇娄艺潇演的电视剧,戚薇娄艺潇演的电视剧叫什么名字,,李小璐,0
热血动漫,热血动漫,,热血,0
山东电子税务局官网登录,山东电子税务局官网app下载,,百度网盘(原百度云管家),0
小刀资源网,小刀资源网辅助,,吉吉影音播放器,0
百度百科,百度百科,,百度糯米 下载,0
湖南卫视,湖南卫视节目表,,2016湖南卫视中秋之夜,0
光环下的少年,光环下的少年,,妖精的尾巴:魔导少年,0
如此的爱,如此的爱,,爱爱囧事,0
taskbarsearch怎么关闭,taskbarsearch怎么永久关闭,,你会怎么做,0
暗格里的秘密电视剧免费观看,暗格里的秘密电视剧免费观看19集剧情,,暗恋·橘生淮南,0
magic3,magic3和magic3pro区别,,腾讯TIM ,0
大智慧,大智慧,,转运玉如意,0
二个春,秋是第二个春,,青春斗,0
段嘉许,段嘉许,,大秦赋,0
12123,12123交管官网下载app最新版,,课后网app,0
安康码扫码二维码,安康码扫码二维码图片,,二维码扫描软件,0
儒意思,儒意影业,,绿茶妹,0
华为鸿蒙,华为鸿蒙系统怎么样,,华为电脑管家,0
九州天空城2,,,NBA直播软件大全,0
快乐崇拜,快乐崇拜,,快乐哆唻咪,0
闫妮电视剧,闫妮电视剧,,电视剧之王,0
微软小冰,微软小冰,,小冰冰传奇,0
欧康宁,欧康宁,,龙珠改魔人布欧篇,0
中,中国教育考试网,,警中警之警中兄弟,0
怒过重案,怒过重案在线观看,,拆案,0
天涯明月刀手游pc,天涯明月刀手游pc版,,第五人格电脑版,0
怒过重案,怒过重案在线观看,,拆案,0
克莱因,克莱因蓝,,因为爱,0
张天爱臀部,张天爱臀部图片张天爱热舞视频,,张天爱个人资料,0
GB/T9966-2001,gb/t9966-2001规范,,腾讯视频 官方下载,0
怒过重案,怒过重案在线观看,,拆案,0
鞍山,鞍山天气,,天气预爆,0
快乐8,快乐8开奖结果,,快乐哆唻咪,0
怒过重案,怒过重案在线观看,,拆案,0
怒过重案,怒过重案在线观看,,拆案,0
电视剧,电视剧,,电视剧之王,0
稻荷恋之歌的动漫,稻荷恋之歌的动漫情头,,我家浴缸的二三事,0
怒过重案,怒过重案在线观看,,拆案,0
怒过重案,怒过重案在线观看,,拆案,0
怒过重案,怒过重案在线观看,,拆案,0
怒过重案,怒过重案在线观看,,拆案,0
怒过重案,怒过重案在线观看,,拆案,0
怒过重案,怒过重案在线观看,,拆案,0
大餐林,大餐林 燕窝,,农林,0
张向晨,,,李晨,0
怒过重案,怒过重案在线观看,,拆案,0
怒过重案,怒过重案在线观看,,拆案,0
怒过重案,怒过重案在线观看,,拆案,0
怒过重案,怒过重案在线观看,,拆案,0
怒过重案,怒过重案在线观看,,拆案,0
怒过重案,怒过重案在线观看,,拆案,0
叶罗丽第9季,叶罗丽第9季,,精灵梦叶罗丽第4季,0
怒过重案,怒过重案在线观看,,拆案,0
当当,当当网官网书店,,苹果官网,0
雷电下载官网,雷电下载官网,,苹果官网,0
163,163 邮箱,,网易邮箱,0
平面鸡眼表,有没有鸡眼的表,,侯天明的梦,0
怒过重案,怒过重案在线观看,,拆案,0
天津医科大学,天津医科大学,,天下无双,0
烟波门,,,镖门,0
一下科技,一下科技,,借用一下你的爱,0
国际专线,国际专线宽带,,王者荣耀 电脑稳定版,0
考无忧,考无忧,,驾考宝典,0
怒火重案,怒火重案在线观看免费完整版,,天将雄师,0
0573967288是什么号码,1341062号码段购买,,身份证,0
怒火重案,怒火重案在线观看免费完整版,,天将雄师,0
生工,生工生物工程(上海)股份有限公司,,特工艾米拉,0
4399小游戏,4399小游戏盒下载 免费,,4399小游戏,0
鹬蚌相争,鹬蚌相争怎么读,,2345看图王,0
伯利兹  英语,,,完美英语视听学习王,0
安全中心,安全中心,,360安全卫士正式版,0
oppofindx3pro多大屏幕,oppofindx3pro屏幕多大尺寸,,迅捷屏幕录像工具,0
人生如棋,人生如棋落子无悔是什么意思,,象棋高手,0
linkage是什么意思啊,油烟机linkage是什么意思,,绿茶妹,0
邮箱,邮箱格式怎么写,,189邮箱,0
mac关闭自启动程序,mac开机自启动程序关闭方法,,芒果tv,0
公演,公演是什么意思,,绿茶妹,0
4080,4080显卡发布时间,,YY4480首播影院,0
韩国美食,韩国美食,,秘密花园（韩国版）,0
ram是什么意思,ram是什么意思,,绿茶妹,0
平安人寿官网,平安人寿官网,,苹果官网,0
蜗牛集市,蜗牛集市,,极速蜗牛,0
江蘇教師教育,江苏教师教育,,花样年华第2季,0
良辰美景好时光电视剧免费观看,良辰美景好时光电视剧免费观看,,芸汐传,0
小家军百度贴,小家军百度贴吧小洲,,百度贴吧 官方下载,0
吉利虾,吉利虾,,龙虾刑警,0
蜘蛛,蜘蛛侠英雄无归,,蜘蛛侠,0
兄妹头像,兄妹头像,,头像,0
818晚会节目单2021,818晚会节目单2021湖南卫视,,春节联欢晚会,0
112glacial怎么样,,,世界之窗浏览器,0
江苏新时空,江苏新时空,,花样年华第2季,0
工口R18,,,千牛工作平台,0
中国研究生信息网(研招网)官网,中国研究生信息网(研招网)官网电脑版,,CNKI全球学术快报,0
帝王攻略,帝王攻略,,爱情攻略,0
电脑怎么分屏,电脑怎么分屏,,电脑校时器,0
一代天骄,一代天骄,,一代宗师,0
sever2012下载,sever2012安装,,财付通 下载,0
“三线一单”,,,歌手,0
APEX,apex,,腾讯网游加速器,0
赛尔号手游,赛尔号手游,,赛尔号第4季,0
internet explorer 11下载,,,Internet Explorer(IE7)浏览器,0
实,实时票房,,灰色的果实,0
复星集团文化企业价值观,复星的文化价值观,,龙珠Z：复活的弗利萨,0
薛刚反唐电视剧全集,薛刚反唐电视剧全集65免费播放,,隋唐英雄5,0
条桌,条桌图片,,图片搜索神器,0
游戏取名,游戏取名内涵诗意名字,,2345游戏,0
江苏农村,江苏农村商业银行,,花样年华第2季,0
月光下的异世界之旅,月光下的异世界之旅,,奇妙的时光之旅,0
用友网络,用友网络,,用友财务宝,0
八字吧,八字吧,,NBA直播软件大全,0
RODD&GUNN,rodd hughes公司,,神奇公司在哪里,0
电子税务局,电子税务局,,艾奇视频电子相册制作软件,0
红米,红米note10pro,,抢红,0
鄙视,鄙视图片,,图片搜索神器,0
3d,3d开奖结果查询,,传奇世界3D,0
少女大人,少女大人演员表,,再见，老婆大人,0
CMCT,cmct什么意思,,绿茶妹,0
超级魔术师,超级魔术师推币机秘籍,,大魔术师,0
十四郎,十四郎,,花郎,0
坩埚怎么读,坩埚怎么读,,2345看图王,0
小品,小品,,欢乐集结号,0
缘分解释,缘分解释和意思,,八字姻缘分析,0
4410,441001,,2345影视大全下载,0
顶楼,顶楼第三季,,女儿们的恋爱第三季,0
600089,特变电工,,勒索病毒专杀工具,0
下丹田,下丹田的准确位置图片,,再见美人鱼下,0
熊出没第一部全集免费,熊出没第一部全集免费观看,,熊出没,0
剧本杀,剧本杀,,她和他的恋爱剧本,0
赵长龙,赵长龙,,我家有个赵大咪,0
东京颁奖,东京颁奖典礼背景音乐,,东京暗鸦,0
凹凸世界第三季,凹凸世界第三季免费观看,,女儿们的恋爱第三季,0
美信官网,美信官网,,学信网,0
解压小游戏,解压小游戏,,WinZip解压软件,0
央视,央视主播徐俐退休,,CBox央视影音,0
4399,4399游戏盒下载,,4399小游戏,0
黄海川,黄海川,,遇见王沥川,0
wiibackupmanager教程,wiibackupmanager教程id不正确,,PPT大师,0
声子谱是什么,声子谱虚频是什么意思,,赶集生活 官方下载,0
教师教育网登录入口,教师教育网登录入口官网,,网易邮箱,0
日照新闻,日照新闻,,大象新闻客户端,0
4399小游戏,4399小游戏,,4399小游戏,0
电脑怎么样连蓝牙耳机、,电脑怎么连蓝牙耳机,,儿歌多多-辣妈必备,0
驾驶员换证需要提供什么,换驾驶证都需要什么,,迅捷音频转换器,0
caj文件,caj文件怎么打开,,超级文件粉碎机,0
影豹,影豹,,黑豹,0
令人发指的意思是什么,令人发指的意思是什么意思,,绿茶妹,0
我是特种兵之利刃出鞘 免费观看,,,漫兜兜免费壁纸,0
然,然的四字成语,,井柏然,0
蝉妈妈,蝉妈妈数据,,金蝉脱壳2,0
梨木色,梨木色染发效果图,,刑警本色,0
海德拉,海德拉,,海德、哲基尔与我,0
咪咪爱,,,爱爱囧事,0
搜狗新闻,搜狗新闻,,搜狗地图,0
贵阳,贵阳天气,,天气预爆,0
阳台柜,阳台柜最新款式图片,,阳台上,0
小说,小说排行榜2020前十名,,飞卢小说,0
http://nmgxh.86ztb.com,,,京东,0
赵学明,赵学明,,一年级大学季,0
windows.old可以删除吗,windows.old可以删除吗,,日上免税店app,0
香港驻军,香港驻军,,火锅英雄,0
818晚会节目单2021,818晚会节目单2021湖南卫视,,春节联欢晚会,0
新八字,新八字方针指的是什么,,八字测算,0
青岛 20200  公报 ,,,青岛往事,0
基金吧,基金吧,,NBA直播软件大全,0
从军哪个服人多,,,8uFTP上传工具,0
相册大师下载免费安装,相册大师下载免费安装,,艾奇视频电子相册制作软件,0
4399,4399游戏盒下载,,4399小游戏,0
宋紫薇,宋紫薇,,大宋少年志,0
傲剑绿色,傲剑绿色版论坛,,Cpu-Z简体中文版,0
