win7 远程桌面,,漫兜兜免费壁纸,IE11中文版浏览器,0
腾讯shipin ,腾讯视频,腾讯视频 官方下载,腾讯课堂,0
植物大战僵尸,植物大战僵尸,植物大战僵尸,植物大战僵尸破解版,0
色老板视频,,九秀直播,维棠FLV视频软件,0
女生露脚图片,女生脚摔伤图片," 稿定设计",漫兜兜壁纸,0
bilibili,bilibili,哔哩哔哩PC客户端,垫底辣妹,0
昵图,昵图网,稿定设计,千图网下载器,0
精简简历模板免费下载,电子简历模板 免费下载,最美简历制作,免费图片素材批量下载器,0
bilibili,bilibili,哔哩哔哩PC客户端,垫底辣妹,0
凤凰卫视中文台在线直播,凤凰卫视中文台在线直播高清观看,六间房秀场,呱呱直播,0
免费的脑图那个软件最好用,,稿定设计,图片处理软件大全,0
计算器在线,计算器在线,九秀直播,在线计算器,0
天龙八部,天龙八部,新天龙八部,天龙八部,0
bilibili,bilibili,哔哩哔哩PC客户端,垫底辣妹,0
打开pdf文件需要下载什么软件,电脑打开pdf文件需要下载什么软件,转转大师pdf转换器,2345看图王,0
熊猫加速器,熊猫加速器,雷神加速器,功夫熊猫3,0
QQ,qq邮箱,腾讯QQ 2019,QQ游戏(QQGame),0
爱情公寓5在线观看免费,爱情公寓5在线观看免费高清完整版,披荆斩棘的哥哥,漫兜兜免费壁纸,0
夜景高清图片,夜景高清图片,爱拍剪辑,漫兜兜壁纸,0
百度,百度翻译,百度翻译 官方下载,百度糯米 下载,0
steam官网,steam官网,Steam助手,Steam游戏助手,0
剪辑,剪辑视频的教程视频,迅捷视频剪辑器,蜜蜂剪辑,0
腾讯,腾讯,腾讯视频 官方下载,腾讯课堂,0
CCTV5,cctv5在线直播观看,CBox央视影音,NBA直播软件大全,0
手游模拟器,手游模拟器哪个好?,雷电模拟器,腾讯手游助手,0
steam,steam,Steam助手,Steam游戏助手,0
万年历,万年历,万年历,中华万年历,0
吕梁在线招聘网,吕梁招聘网最新招聘,九秀直播,智联招聘,0
无间道2电影,无间道2电影,电影,重返20岁,0
中国音乐原创基地,,酷我音乐,5sing原创音乐基地,0
哔哩哔哩官网,哔哩哔哩官网,哔哩哔哩PC客户端,苹果官网,0
百度,百度翻译,百度翻译 官方下载,百度糯米 下载,0
直播吧,直播吧,六间房秀场,NBA直播软件大全,0
心动的信号4在线观看,心动的信号4在线观看免费高清完整版,披荆斩棘的哥哥,心动的信号,0
秦时明月,秦时明月6沧海横流,秦时明月世界,秦时明月,0
塔图姆,塔图姆,稿定设计,福字图片,0
wps office,,永中Office 个人版,WPS Office中文版,0
斗罗大陆免费完整观看,斗罗大陆免费完整观看在线观看,斗罗大陆2绝世唐门,天将雄师,0
wx,微信,微信 电脑版,Coreldraw x4简体中文正式版,0
世界微尘里微博,世界微尘里微博,新浪微博 官方下载,魔法王座,0
小学信息公开课视频,小学体育公开课视频,九秀直播,腾讯体育-企鹅直播,0
热血兵团电视剧在线观看,热血兵团电视剧全集,披荆斩棘的哥哥,热血,0
斗罗大陆免费完整观看,斗罗大陆免费完整观看,斗罗大陆2绝世唐门,天将雄师,0
恐龙简笔画大全图片,如何画恐龙简笔画图片," 稿定设计",图片处理软件大全,0
台州银行网上银行下载,台州银行网上银行怎么下载,中国银行客户端电脑版 ,工商银行,0
直播8,直播8,六间房秀场,直播吧,0
cf,cf官网,穿越火线 电脑稳定版,AcFun,0
QQ,qq邮箱,腾讯QQ 2019,QQ游戏(QQGame),0
股票,股票入门基础知识,同花顺 (免费股票行情分析交易软件),股票追击手,0
怒火重案在线,怒火重案在线,九秀直播,拆案,0
.......天堂在线,天堂在线公墓,九秀直播,一念天堂,0
qq信箱登陆,qq信箱登陆后生成二维码,腾讯QQ 2019,微云(腾讯网盘) ,0
丧尸湖在线播放,丧尸乐园2在线播放,九秀直播,大江大河2,0
壁挂架安装视频,电视机壁挂架安装视频,九秀直播,西瓜视频电脑版,0
亚洲地图,,百度地图app官方下载,星动亚洲 第三季,0
法医秦明第一季在线免费,法医秦明第一季在线下载,九秀直播,我的恶魔少爷,0
沉默的呼吸电影,沉默的呼吸电影免费观看,电影,沉默的证人,0
倒计时视频素材高清,倒计时视频素材高清无水印,图怪兽,千图网下载器,0
win7添加区位输入法,win7添加五笔输入法,2345王牌拼音输入法,搜狗五笔输入法,0
电影天堂,电影天堂里的视频怎么导出来剪辑,2345影视大全下载,血战钢锯岭,0
操场图片图片,学校操场图片唯美图片," 稿定设计",图片搜索神器,0
steam,steam,Steam助手,Steam游戏助手,0
韩国伦理片在线观看,韩剧电视剧大全免费观看国语版,披荆斩棘的哥哥,制片人,0
qq飞车,qq飞车手游,QQ飞车手游,qq飞车 ,0
苹果X的网上,苹果网上直营店,苹果官网,嫌疑人X的献身,0
幼儿图片,幼儿图片," 稿定设计",图片搜索神器,0
音频下载了为什么手机里找不到,音频下载了为什么手机里找不到音乐,迅捷音频转换器,股票追击手,0
湖南卫视直播在线观看,湖南卫视直播在线观看,披荆斩棘的哥哥,2016湖南卫视中秋之夜,0
360,360贷款靠谱吗,360安全卫士正式版,360驱动大师,0
东宫在线观看,东宫在线观看 麦片好剧,披荆斩棘的哥哥,二叔,0
中国象棋,中国象棋,象棋高手,中国象棋2017,0
人的肝脏真实图片,正常肝脏图片 真实图片," 稿定设计",快看漫画 电脑版,0
网易官网,网易官网,网易云音乐(PC端),网易邮箱,0
腾讯,腾讯,腾讯视频 官方下载,腾讯课堂,0
乔家的儿女电视剧在线看,乔家的儿女电视剧在线看免费,九秀直播,家有儿女初长成,0
网易游戏官网,网易游戏官网,网易云音乐(PC端),网易邮箱,0
挂机赚钱系统,挂机赚钱系统是真的吗,多多云手机,系统之家一键重装,0
2345浏览器截屏快捷键,360浏览器截图快捷键,2345加速浏览器,截图软件大全,0
电影解说视频,电影解说视频,九秀直播,杀手6,0
腾讯,腾讯,腾讯视频 官方下载,腾讯课堂,0
中国邮政储蓄个人网上银行官网,中国邮政储蓄银行个人网上银行官网,中国银行客户端电脑版 ,CNKI全球学术快报,0
大决战电视剧在线观看免费,大决战电视剧在线观看免费49集,披荆斩棘的哥哥,芸汐传,0
http://www.xalllnet.net,,.NET Framework,京东,0
酷狗铃声,酷狗铃声免费下载来电铃声,酷我音乐,酷狗音乐,0
qq,qq邮箱,腾讯QQ 2019,QQ游戏(QQGame),0
黄片视频2021,,九秀直播,创造营2021,0
学科网,学科网,学科网e备课,NBA直播软件大全,0
高清手机壁纸,高清手机壁纸,爱拍剪辑,皮皮高清影视,0
怎样下载百度输入法,百度输入法最新版本2021下载,2345王牌拼音输入法,百度糯米 下载,0
韩国电影,,电影,爱人,0
凯特lol,凯特隆原浆啤酒,LoL皮肤美化大师,多玩LOL盒子 官方下载,0
中安在线,中安在线,九秀直播,警中警之警中兄弟,0
360浏览器,360浏览器,360安全卫士正式版,360安全浏览器,0
我们的新生活免费观看完整版,我们的新生活,新生日记第2季,天将雄师,0
学信网登录入口官网,学信网登录入口官网,学信网,网易邮箱,0
上海地图,上海地图,百度地图app官方下载,大上海 ,0
医学PPT,医学ppt模板,永中Office 个人版,PPT大师,0
在线打字,在线打字测试,九秀直播,五笔打字练习,0
英雄联盟,英雄联盟,lol英雄联盟百宝箱,英雄联盟,0
电影天堂,电影天堂里的视频怎么导出来剪辑,2345影视大全下载,血战钢锯岭,0
西瓜视频,西瓜视频,西瓜影音播放器,西瓜视频电脑版,0
世界地图,世界地图,百度地图app官方下载,永恒纪元:新世界地图,0
小猪佩奇幼儿舞蹈音乐,小猪佩奇幼儿舞蹈音乐mp3,酷我音乐,百度音乐(千千静听)- 安全下载,0
美女,美女图片,千图网下载器,美女秀场,0
视频压缩剪辑,视频压缩剪辑软件,PDF猫压缩,蜜蜂剪辑,0
百度输入法,百度输入法,2345王牌拼音输入法,搜狗拼音输入法,0
西瓜视频,西瓜视频,西瓜影音播放器,西瓜视频电脑版,0
极限挑战,极限挑战,极限挑战第四季,极限挑战,0
极限挑战,极限挑战,极限挑战第四季,极限挑战,0
九酷音乐,九酷音乐,酷我音乐,酷狗音乐,0
易车抖音直播,易车818抖音新潮,抖音短视频电脑版,汽车之家客户端,0
魔兽地图下载网址,魔兽地图怎么下载,魔兽大脚,谷歌地图 下载,0
我的世界怎么编辑语言,我的世界怎么改语言,我的世界(Minecraft),135编辑器电脑版,0
原始股,原始股是什么意思,同花顺 (免费股票行情分析交易软件),绿茶妹,0
音叉开关的安装图片,音叉开关的安装说明书," 稿定设计",微信 电脑版,0
qq游戏大厅下载安装2021最新版,qq游戏下载安装2021最新版,QQ游戏(QQGame),抖音短视频电脑版,0
马季相声全集连续播放 视频,,九秀直播,儿歌多多-辣妈必备,0
东奥会计云课堂,东奥会计云课堂app下载,雨课堂直播,京东,0
天龙八部,天龙八部,新天龙八部,天龙八部,0
湖南卫视818晚会直播,湖南卫视818晚会直播在线观看,蓝鲸体育,2016湖南卫视中秋之夜,0
终身成长ppt下载,终身成长读后感ppt下载,永中Office 个人版,爱情麻辣烫之情定终身,0
电脑怎么登陆ios王者荣耀,电脑能登陆ios王者荣耀吗,王者荣耀,微信 电脑版,0
日历,日历,万年历,2020年日历全年表Excel,0
央视影音app免费下载,央视影音app官方免费下载,CBox央视影音,小说快捕官方免费下载,0
中央新闻联播直播 今天,,蓝鲸体育,CBox央视影音,0
bilibili,bilibili,哔哩哔哩PC客户端,垫底辣妹,0
WPS Office中文版,,永中Office 个人版,WPS Office中文版,0
百度,百度翻译,百度翻译 官方下载,百度糯米 下载,0
北师大图书馆,北师大图书馆,稿定设计,大图书馆的牧羊人,0
腾讯,腾讯视频,腾讯视频 官方下载,腾讯课堂,0
qq文件打不开,qq文件打不开怎么办,腾讯QQ 2019,手机QQ2017最新版,0
免费黄色视频,,九秀直播,照片视频制作软件大全,0
浙江卫视818晚会直播,浙江卫视818晚会直播回放,蓝鲸体育,2016浙江卫视跨年晚会,0
bilibili,bilibili,哔哩哔哩PC客户端,垫底辣妹,0
爱套图,,稿定设计,爱剪辑,0
干净的pdf阅读器,好用的pdf阅读器,看图王PDF阅读器,福昕PDF阅读器,0
新开区单职业传奇,新开单职业找单职业传奇,变态传奇,2345传奇世界,0
WPS 文档中表格中文字显示,,WPS Office中文版,永中Office 个人版,0
湖南卫视817晚会直播,湖南卫视817晚会直播在线观看,蓝鲸体育,2016湖南卫视中秋之夜,0
魔兽,魔兽世界,魔法王座,魔兽,0
西瓜视频,西瓜视频,西瓜影音播放器,西瓜视频电脑版,0
四川人事考试,,问卷网,麻将游戏,0
dd373游戏交易平台,dd373游戏交易平台,5173游戏交易下载,2345游戏,0
网易账号,网易账号中心,网易云音乐(PC端),网易邮箱,0
淘宝直播,淘宝直播app下载,蓝鲸体育,NBA直播软件大全,0
扇子舞视频大全2021年最新舞,2021最新扇子舞,九秀直播,广场舞,0
bilibili,bilibili,哔哩哔哩PC客户端,垫底辣妹,0
nba中文网,nba中文网,最强NBA,NBA直播软件大全,0
浙江人事考试网,人事考试网,问卷网,蜜月酒店杀人事件,0
浙江卫视直播在线观看,浙江卫视直播在线观看,披荆斩棘的哥哥,2016浙江卫视跨年晚会,0
小米互传电脑版,小米互传电脑版在哪下载,小米手机助手,UC浏览器电脑版,0
https://chongqing.xueanquan.com,,图怪兽,58同城,0
网易云邮箱,网易云邮箱,网易云音乐(PC端),189邮箱,0
百度识图,百度识图在线使用,稿定设计,百度糯米 下载,0
地图,地图,百度地图app官方下载,谷歌地图 下载,0
广场舞视频大全2021年最火广场舞,广场舞视频大全2021年最火广场舞简单,九秀直播,广场舞,0
明日之战在线观看完整版中文,明日之战2在线观看免费完整版中文,披荆斩棘的哥哥,澳门风云2,0
桌面壁纸,桌面壁纸,漫兜兜免费壁纸,upupoo动态桌面壁纸,0
九酷音乐,九酷音乐,酷我音乐,酷狗音乐,0
央视频,央视频,九秀直播,锦绣未央,0
网易加速器uu,网易加速器uu,雷神加速器,网易UU网游加速器,0
最佳车载音乐,车载音乐调音最佳,酷我音乐,酷狗音乐,0
找私服,,变态传奇,寻找罗麦,0
金黔在线官网,贵州金黔在线网,九秀直播,WPS Office中文版,0
喜报,喜报模板图片,图怪兽," 稿定设计",0
青梅配竹马的电视剧在线观看,青梅配竹马的电视剧免费观看,披荆斩棘的哥哥,我的绝密生涯,0
三国演义,三国演义,全面战争：三国,新三国演义,0
yy7彩,yy7彩凤凰,YY语音(歪歪语音),彩象岛女孩,0
奥迪官方二手车可靠么,奥迪官方二手车怎么样,58同城,世界之窗浏览器,0
微信公众号,微信公众号怎么创建,微信 电脑版,96微信编辑器电脑版,0
zune视频,zune视频是什么,九秀直播,乐视视频 下载,0
诗词mp3下载,诗词朗诵mp3,酷我音乐,经典评书大全,0
世界地图,世界地图,百度地图app官方下载,永恒纪元:新世界地图,0
小红书介绍ppt模板,小红书ppt模板免费," 稿定设计",ppt制作软件,0
雷电模拟器,雷电模拟器,雷电模拟器,腾讯手游助手,0
BZHAN,b站,租号玩,哔哩哔哩PC客户端,0
魔兽世界跟随插件,魔兽世界跟随插件,魔兽大脚,EUI插件更新器,0
微信删了好友还能找回来吗,微信删了好友还能找回来吗,微信 电脑版,万能数据恢复大师,0
百度脑图,百度脑图,稿定设计,百度地图app官方下载,0
侠盗猎车,侠盗猎车手,侠盗猎车手：罪恶都市,侠盗猎车手5,0
荒野迅雷,决胜荒野迅雷,迅雷最新版,荒野猎人,0
CCTV,cctv5在线直播观看,CBox央视影音,NBA直播软件大全,0
360,360贷款靠谱吗,360安全卫士正式版,360驱动大师,0
qq靓号,qq靓号官网,腾讯QQ 2019,腾讯视频 官方下载,0
猫咪图片,猫咪图片," 稿定设计",图片搜索神器,0
我的世界电脑壁纸,我的世界电脑壁纸,漫兜兜免费壁纸,我的世界(Minecraft),0
呢图,呢图网,稿定设计,千图网下载器,0
淘宝商家版app,淘宝商家版app,淘宝网,手机百度app安卓版,0
小花仙,小花仙,小花仙第三季,小花仙,0
昵图,昵图网,稿定设计,千图网下载器,0
eclipse中文件带问号什么情况,eclipse文件有问号,Eclipse中文版,Tencent WeGame（原TGP腾讯游戏平台）,0
风灵月影修改器官网,风灵月影修改器官网是哪个,MP3Tag (MP3信息修改器) ,彩虹六号围攻行动,0
青青在线,,九秀直播,小草青青,0
Word pdf 插件,,永中Office 个人版,福昕PDF转Word,0
腾讯,腾讯视频,腾讯视频 官方下载,腾讯课堂,0
H版电影,,电影,Fate/stay night,0
腾讯,腾讯,腾讯视频 官方下载,腾讯课堂,0
扫黑风暴在线观看免费完整版,扫黑风暴在线观看免费完整版星辰影院,披荆斩棘的哥哥,扫黑英雄,0
天气,天气预报,天气预报,天气预爆,0
直播,直播,九秀直播,NBA直播软件大全,0
爱奇艺官网,爱奇艺官网,爱奇艺,苹果官网,0
bilibili,bilibili,哔哩哔哩PC客户端,垫底辣妹,0
steam,steam,Steam助手,Steam游戏助手,0
室内设计联盟,室内设计联盟," 稿定设计",星球者联盟,0
苹果水印,苹果水印相机怎么设置方法,苹果官网,微商水印相机,0
学校架构图,学校架构图及岗位职责,稿定设计,蛙蛙学校,0
360浏览器,360浏览器,360安全卫士正式版,360安全浏览器,0
黄色漫画在线观看,哔哩哔哩漫画在线漫画免费观看,披荆斩棘的哥哥,快把我哥带走,0
夜神模拟器,夜神模拟器,雷电模拟器,雷神加速器,0
西瓜视频,西瓜视频,西瓜影音播放器,西瓜视频电脑版,0
百度,百度翻译,百度翻译 官方下载,百度糯米 下载,0
CAD看图,cad看图王,迅捷CAD编辑器,CAD快速看图,0
360,360贷款靠谱吗,360安全卫士正式版,360驱动大师,0
天气,天气预报,天气预报,天气预爆,0
漫画之家,漫画之家app,快看漫画 电脑版,系统之家一键重装,0
天龙八部,天龙八部,新天龙八部,天龙八部,0
cctv5在线直播观看,cctv5在线直播观看,六间房秀场,二叔,0
熊猫tv开火车舞蹈视频,熊猫小米开火车视频,九秀直播,舞蹈风暴第二季,0
抖音商家版登录入口,抖音商家版登录入口app,抖音短视频电脑版,网易邮箱,0
ipad忘记密码怎么办,ipad忘记密码怎么办锁屏打不开,苹果官网,同步推 for iPhone,0
QQ,qq邮箱,腾讯QQ 2019,QQ游戏(QQGame),0
logo一键生成器,logo一键生成器免费,logo设计软件大全," 稿定设计",0
斗罗大陆在线观看,斗罗大陆在线观看,斗罗大陆2绝世唐门,斗罗大陆,0
迷你世界全能辅助,龙傲迷你世界全能辅助,迷你世界,洛克王国记忆全能辅助,0
免费的PDF,免费的pdf转word工具,转转大师pdf转换器,pdf猫pdf转图片,0
暗格里的秘密人物图片,暗格里的秘密人物关系图," 稿定设计",溏心风暴3,0
壁纸高清全屏女生可爱,壁纸高清全屏女生可爱卡通,漫兜兜免费壁纸,漫兜兜壁纸,0
转转app回收二手手机,转转app回收二手手机靠谱吗,转转大师pdf转换器,转转大师数据恢复软件,0
好看背景图纯色系,好看的背景图纯色 简约,稿定设计,漫兜兜壁纸,0
失落的方舟steam,失落的方舟steam,Steam助手,恐龙宝贝之失落的文明,0
漫画,,快看漫画 电脑版,邪恶漫画,0
AV在线观看,,披荆斩棘的哥哥,二叔,0
1688阿里巴巴批发网,1688阿里巴巴批发网,千牛工作平台,阿里巴巴(1688)自由布局工具,0
安卓联系人到苹果,安卓手机联系人迁移到苹果手机,苹果官网,手机QQ2017最新版,0
QQ,qq邮箱,腾讯QQ 2019,QQ游戏(QQGame),0
YOUDAO ,有道翻译,有道云笔记,有道词典,0
cctv5节目,cctv5节目,CBox央视影音,NBA直播软件大全,0
热血传奇客户端哪里下载,热血传奇十周年客户端哪里下载,热血传奇-跨服新大陆,神奇动物在哪里,0
uu,uu跑腿,网易UU网游加速器,uu换肤助手,0
中华会计网校官方网校,中华会计网校官网,环球网校,学而思在线,0
有道,有道精品课网课官网,有道词典,有道云笔记,0
wangyi,王一博发文理智追星,网易云音乐(PC端),天天向上,0
wxyt,卫星云图,微信 电脑版,谷歌地图 下载,0
极速浏览器下载,极速浏览器下载安装,2345加速浏览器,360极速浏览器,0
咒怨1完整版在线观看,咒怨1完整版在线观看,披荆斩棘的哥哥,一九四二,0
卫星云图,卫星云图,稿定设计,谷歌地图 下载,0
yy,yyds什么意思,YY语音(歪歪语音),YY开播,0
圆,圆通快递查询单号,圆通快递app下载,高圆圆,0
https://zyxz.tianshanzw.cn/,,图怪兽,58同城,0
游侠,游侠,游侠对战平台,终极游侠,0
51对战平台,51对战平台,游侠对战平台,5173游戏交易下载,0
德保县地图,德保县地图全图高清版,百度地图app官方下载,谷歌地图 下载,0
中国中医药考试认证网,中国中医药考试认证网,问卷网,58中国网络经纪人,0
bilibili,bilibili,哔哩哔哩PC客户端,垫底辣妹,0
yyds,yyds什么意思,YY语音(歪歪语音),绿茶妹,0
d偶遇,虎牙,虎牙直播,Windows Media Player,0
网易游戏官网,网易游戏官网,网易云音乐(PC端),网易邮箱,0
腾讯,腾讯视频,腾讯视频 官方下载,腾讯课堂,0
直播吧,直播吧电脑版,六间房秀场,NBA直播软件大全,0
九江银行,九江银行,中国银行客户端电脑版 ,工商银行,0
顺丰快递单号查询,顺丰快递单号查询,顺丰速运,邮编查询,0
企鹅直播,企鹅直播体育直播,蓝鲸体育,腾讯体育-企鹅直播,0
芭比q版图片,芭比妆容图片," 稿定设计",芭比之珍珠公主,0
bliliblili,bliliblili电脑怎么下载,哔哩哔哩PC客户端,电脑校时器,0
斗罗大陆免费完整观看,斗罗大陆免费完整观看,斗罗大陆2绝世唐门,天将雄师,0
手游传奇发布信息,手游传奇发布网站有哪些,变态传奇,传奇世界手游,0
线稿素材,线稿素材百度云,稿定设计,免费图片素材批量下载器,0
dd373游戏交易平台官网,dd373游戏交易平台官网,5173游戏交易下载,游窝游戏盒子(原游迅游戏盒),0
地图,地图,百度地图app官方下载,谷歌地图 下载,0
扫黑风暴在线观看免费完整版,扫黑风暴在线观看免费完整版28集,披荆斩棘的哥哥,扫黑英雄,0
昵图,昵图网,稿定设计,千图网下载器,0
驾考宝典,驾考宝典,驾考宝典电脑版2017,驾考宝典,0
赛尔号,赛尔号,赛尔号大电影6：圣者无敌,赛尔号第4季,0
暗黑破坏神2修改器,暗黑破坏神2修改器,MP3Tag (MP3信息修改器) ,NBA2k17 游戏,0
扫黑风暴在线观看免费完整版,扫黑风暴在线观看免费完整版星辰影院,披荆斩棘的哥哥,扫黑英雄,0
源代码在线,源代码在线观看,九秀直播,在线小游戏,0
360浏览器,360浏览器,360安全卫士正式版,360安全浏览器,0
足球比分,足球比分,蓝鲸体育,笑林足球,0
浙江卫视直播,浙江卫视直播,蓝鲸体育,2016浙江卫视跨年晚会,0
word保存了怎么返回,word怎么返回保存之前的文档,永中Office 个人版,MathType(数学公式),0
计算机软件考试,计算机软件考试,问卷网,驾考宝典,0
美女,美女图片,千图网下载器,美女秀场,0
驾考科目三考试视频,驾考科目三视频全过程,九秀直播,驾考宝典,0
安徽二手房,安徽二手房出售最新消息,58同城,安徽卫视2015国剧盛典,0
QQ音乐mflac格式转换,qq音乐mflac格式转换mp3,金舟视频格式转换器,qq音乐,0
打开天猫超市,打开天猫超市分析其DSR评分,天猫商城,YouTube,0
尚义县天气,尚义县天气预报15天,天气预报,天气预爆,0
美女,美女图片,千图网下载器,美女秀场,0
邮政银行,邮政银行几点上班,中国银行客户端电脑版 ,工商银行,0
腾讯,腾讯,腾讯视频 官方下载,腾讯课堂,0
微信下载安装,微信下载安装,微信 电脑版,企业微信电脑版,0
2019v在线v,2019年v榜,九秀直播,扑通扑通love,0
魔域私服,魔域私新开服手游,变态传奇,风暴魔域2,0
传奇,传奇,变态传奇,蓝月传奇,0
扫黑风暴在线观看免费完整版,扫黑风暴在线观看免费完整版星辰影院,披荆斩棘的哥哥,扫黑英雄,0
老九门,老九门,老九门番外之恒河杀树,盗墓笔记前传老九门,0
一起学,一起学,一起学电脑版,一起学直播,0
打黑风暴孙红雷电视剧全集在线观看,打黑风暴孙红雷电视剧全集在线观看免费,披荆斩棘的哥哥,黑白禁区,0
老九门,老九门,老九门番外之恒河杀树,盗墓笔记前传老九门,0
cctv5在线直播观看,cctv5在线直播观看,六间房秀场,二叔,0
扫黑风暴在线观看免费完整版,扫黑风暴在线观看免费完整版28集,披荆斩棘的哥哥,扫黑英雄,0
浙江卫视直播在线观看,浙江卫视直播在线观看,披荆斩棘的哥哥,2016浙江卫视跨年晚会,0
bilibili官网,bilibili官网,哔哩哔哩PC客户端,苹果官网,0
快手短视频,快手短视频怎么赚钱,抖音短视频电脑版,快手 电脑版,0
卫视直播频道大全,卫视直播频道大全软件,蓝鲸体育,NBA直播软件大全,0
天龙八部,天龙八部,新天龙八部,天龙八部,0
美图秀秀在线使用,美图秀秀在线使用,美图秀秀正式版," 稿定设计",0
西瓜视频,西瓜视频,西瓜影音播放器,西瓜视频电脑版,0
CAD,cad制图初学入门,转转大师CAD编辑器,迅捷CAD编辑器,0
CF,cf官网,穿越火线 电脑稳定版,AcFun,0
https://zhtj.youth.cn/zhtj/,,租号玩,58同城,0
前程无忧企业登录入口,前程无忧企业登录入口官网,前程无忧电脑版,网易邮箱,0
在线PS,在线ps," 稿定设计",在线小游戏,0
ppt图片,ppt图片透明度设置,永中Office 个人版,PPT大师,0
迅雷,迅雷,迅雷最新版,迅雷7,0
https：//viruslab.csu.edu.cn,,图怪兽,58同城,0
在线翻译,在线翻译,百度翻译 官方下载,谷歌翻译器,0
直播TV,直播tv,蓝鲸体育,NBA直播软件大全,0
洛克王国,洛克王国,洛克王国记忆全能辅助,洛克王国之魔法守护者,0
关于红色革命的ppt背景,红色革命ppt图片背景,PPT大师,千图网下载器,0
office2010密钥,office2010密钥激活码,永中Office 个人版,office2019,0
腾讯,腾讯,腾讯视频 官方下载,腾讯课堂,0
哔哩哔哩官网,哔哩哔哩官网,哔哩哔哩PC客户端,苹果官网,0
stay是什么意思翻译,stay是什么意思翻译,金舟文档翻译软件,Fate/stay night,0
电影天堂,电影天堂里的视频怎么导出来剪辑,2345影视大全下载,血战钢锯岭,0
robertl翻译成中文,,金舟文档翻译软件,孢子 中文版,0
日历,日历,万年历,2020年日历全年表Excel,0
扫黑风暴在线观看免费完整版,扫黑风暴在线观看免费完整版28集,披荆斩棘的哥哥,扫黑英雄,0
中国银行官网,中国银行官网,中国银行客户端电脑版 ,苹果官网,0
体育专业音乐播放器,电脑专业音乐播放器,MP4播放器,多米音乐播放器,0
2022央视虎年春晚,2022央视虎年春晚总导演,CBox央视影音,春节联欢晚会,0
电影天堂,电影天堂里的视频怎么导出来剪辑,2345影视大全下载,血战钢锯岭,0
gradcad,grabcad官网,转转大师CAD编辑器,苹果官网,0
百度,百度翻译,百度翻译 官方下载,百度糯米 下载,0
五笔拼音输入法,五笔拼音输入法,2345王牌拼音输入法,搜狗五笔输入法,0
qq,qq邮箱,腾讯QQ 2019,QQ游戏(QQGame),0
微信有电脑版的吗,企业微信有电脑版的吗,微信 电脑版,企业微信电脑版,0
电脑录屏软件,电脑录屏软件,金舟录屏大师,转转大师录屏软件,0
世界地图,世界地图,百度地图app官方下载,永恒纪元:新世界地图,0
pdf转word免费的软件,pdf转word免费的软件,转转大师pdf转换器,NBA直播软件大全,0
乘风破浪,乘风破浪的姐姐,乘风破浪的姐姐,乘风破浪,0
铁的思维导图,铁的思维导图,稿定设计,百度地图app官方下载,0
cctv5在线直播观看,cctv5在线直播观看,六间房秀场,二叔,0
抖音有电脑版的吗,抖音有电脑版的吗,抖音短视频电脑版,韩剧TV,0
360浏览器,360浏览器,360安全卫士正式版,360安全浏览器,0
央视直播,央视直播cctv5,蓝鲸体育,NBA直播软件大全,0
世界地图,世界地图,百度地图app官方下载,永恒纪元:新世界地图,0
压缩gif,压缩gif,转转大师GIF制作软件,迅捷压缩,0
mp3歌曲免费下载,mp3歌曲免费下载,酷我音乐,免费图片素材批量下载器,0
解压软件,解压软件,2345好压,WinZip解压软件,0
4399游戏盒下载,4399游戏盒下载,快玩游戏盒 最新版,游窝游戏盒子(原游迅游戏盒),0
图行天下,图行天下免费素材网,稿定设计,谷歌地图 下载,0
战神联盟,战神联盟,战神遗迹,战神,0
日历,日历,万年历,2020年日历全年表Excel,0
有哪些好看的漫画,有哪些好看的漫画?穿越古风,快看漫画 电脑版,有妖气漫画,0
360,360贷款靠谱吗,360安全卫士正式版,360驱动大师,0
cf,cf官网,穿越火线 电脑稳定版,AcFun,0
咸鱼网二手交易app下载,咸鱼网二手交易app下载官网,58同城,闲鱼,0
阿里旺旺,阿里旺旺,千牛工作平台,阿里旺旺买家版,0
苹果手机亚马逊app,苹果手机亚马逊app打不开,苹果官网,NGA玩家社区,0
铁石心肠2019在线观看免费全集高清,延禧攻略70集免费观看高清,披荆斩棘的哥哥,锦心似玉,0
百家讲坛大秦崛起,百家讲坛大秦崛起,古墓丽影10：崛起,大秦帝国之崛起,0
天龙八部畅易阁‘’,天龙八部畅易阁官网交易平台,天龙八部手游,天龙八部,0
建房子英语翻译,稻草房子英语翻译,金舟文档翻译软件,有道词典（英汉互译）,0
理想之城在线观看,理想之城在线观看免费完整版,披荆斩棘的哥哥,天将雄师,0
腾讯,腾讯,腾讯视频 官方下载,腾讯课堂,0
迷你世界如何开挂,迷你世界如何开挂 软件,迷你世界,金舟截图软件,0
bilibili,bilibili,哔哩哔哩PC客户端,垫底辣妹,0
中日翻译,中日翻译,金舟文档翻译软件,百度翻译 官方下载,0
优酷官网,优酷官网,优酷视频客户端,苹果官网,0
connectqq,connectqqcom官网,腾讯QQ 2019,NBA直播软件大全,0
office2003四合一,office2003四合一精简版,Word 2003 简体中文版,Office2003免费版(WPS),0
电影天堂,电影天堂里的视频怎么导出来剪辑,2345影视大全下载,血战钢锯岭,0
驾考宝典,驾考宝典,驾考宝典电脑版2017,驾考宝典,0
股票,股票,同花顺 (免费股票行情分析交易软件),股票追击手,0
lol,lol官网,LoL皮肤美化大师,多玩LOL盒子 官方下载,0
360浏览器,360浏览器,360安全卫士正式版,360安全浏览器,0
享设计,享设计," 稿定设计",稿定设计,0
有道精品课网课官网,有道精品课网课官网,有道词典,学而思在线,0
雷电模拟器,雷电模拟器,雷电模拟器,腾讯手游助手,0
微博视频怎么保存到相册,微博视频怎么保存到相册,九秀直播,百度网盘(原百度云管家),0
使命召唤2配置,使命召唤下载,使命召唤手游,使命召唤14：二战,0
有道,有道精品课9元24节,有道词典,有道云笔记,0
qq,qq邮箱,腾讯QQ 2019,QQ游戏(QQGame),0
怎么在线申请个体工商户,在线申请个体工商户营业执照,九秀直播,排卵期计算器手机版下载,0
快递,快递单号查询,快递查询,中通快递,0
火影忍者头像,火影忍者头像,火影忍者,头像,0
传奇单职业拨打金,传奇打打金单职业,变态传奇,笑声传奇,0
央视直播,央视直播,蓝鲸体育,NBA直播软件大全,0
西瓜视频,西瓜视频,西瓜影音播放器,西瓜视频电脑版,0
360D,360doc个人图书馆,360安全卫士正式版,大图书馆的牧羊人,0
你是我的荣耀在线观看,你是我的荣耀在线观看,披荆斩棘的哥哥,你是我的姐妹,0
股票反弹,股票反弹是什么意思,同花顺 (免费股票行情分析交易软件),股票追击手,0
单机游戏,单机游戏,快吧游戏盒,电脑十大耐玩单机游戏_经典电脑老单机游戏,0
四川人事考试,,问卷网,麻将游戏,0
大决战在线观看免费完整版,大决战在线观看免费完整版西瓜,披荆斩棘的哥哥,天将雄师,0
重装系统后找回c盘文件,重装系统后怎样找回c盘文件,老毛桃U盘启动盘制作工具,转转大师数据恢复软件,0
360免费网络,360免费网络下载,360安全卫士正式版,360安全浏览器,0
BT电影网站,鹿角电影bt,电影,80s手机电影 下载,0
西瓜视频,"西瓜视频,下载",西瓜影音播放器,西瓜视频电脑版,0
吴江地图,吴江地图各镇全图,百度地图app官方下载,谷歌地图 下载,0
zhaosf.com,zhaosfcom手游版,租号玩,自由幻想手游,0
享设计,享设计," 稿定设计",稿定设计,0
免费图片素材,免费图片素材库网站,稿定设计,免费图片素材批量下载器,0
YY小说,,YY语音(歪歪语音),飞卢小说,0
新疆招生网,新疆招生网官网,图怪兽,苹果官网,0
兴业银行,兴业银行,中国银行客户端电脑版 ,工商银行,0
骚虎高清电影,虎鹤神拳电影高清,爱拍剪辑,智取威虎山,0
QQ,qq邮箱,腾讯QQ 2019,QQ游戏(QQGame),0
PDF,pdf转word免费的软件,转转大师pdf转换器,pdf猫pdf转ppt,0
PS如何打文字,ps如何打文字打成中文,图怪兽,华文中宋字体,0
bilibili,bilibili官网,哔哩哔哩PC客户端,垫底辣妹,0
147258369s,147258369什么意思,58同城,绿茶妹,0
ps怎么修改图片尺寸不变形,手机ps怎么修改图片尺寸," 稿定设计",旋转轮胎,0
腾讯,腾讯,腾讯视频 官方下载,腾讯课堂,0
百度,百度翻译,百度翻译 官方下载,百度糯米 下载,0
乌鸦喝水视频,乌鸦喝水视频,九秀直播,乐视视频 下载,0
中国医生在线观看免费版,2021中国医生在线观看免费版,披荆斩棘的哥哥,产科男医生,0
三国志新解,三国志新解,三国志战略版,少年三国志:零,0
四川人事考试,,问卷网,麻将游戏,0
二造考试成绩,二建考试成绩查询,问卷网,梦想改造家第二季,0
保时捷图片,保时捷图片," 稿定设计",图片搜索神器,0
360,360贷款靠谱吗,360安全卫士正式版,360驱动大师,0
家电维修资料网免费下载,电子资料网免费下载,58同城,免费图片素材批量下载器,0
winxp如何升级win7,winxp如何升级win10,升级,金舟录屏大师,0
postgresql认证考试,,SQL Server自动安装程序,驾考宝典,0
农业银行app,农业银行app登录不了,中国银行客户端电脑版 ,NBA直播软件大全,0
百度视频,百度视频,九秀直播,百度糯米 下载,0
高一化学实验视频免费,高一有趣化学实验视频免费,九秀直播,照片视频制作软件大全,0
QQ,qq邮箱,腾讯QQ 2019,QQ游戏(QQGame),0
斗鱼 古剑,,斗鱼,古剑奇谭,0
漫威what if在线观看,,披荆斩棘的哥哥,二叔,0
地图,地图,百度地图app官方下载,谷歌地图 下载,0
塔吊加班表格式,塔吊司机加班表,永中Office 个人版," 稿定设计",0
顺丰快递单号查询,顺丰快递单号查询,顺丰速运,邮编查询,0
斗罗大陆动漫,斗罗大陆动漫在线观看免费高清完整版,斗罗大陆2绝世唐门,斗罗大陆,0
bilibili,bilibili,哔哩哔哩PC客户端,垫底辣妹,0
限量款篮球,限量版篮球鞋,蓝鲸体育,虎扑跑步,0
脱口秀大会第四季在线观看,脱口秀大会第四季在线观看817,披荆斩棘的哥哥,吐槽大会第五季,0
反差ppt,反差婊,永中Office 个人版,PPT大师,0
阳光电影网,阳光电影网,电影,阳光之下,0
微信视频号你怎么看,微信视频号怎么取消点赞,九秀直播,微信 电脑版,0
CF,cf官网,穿越火线 电脑稳定版,AcFun,0
bilibili,bilibili,哔哩哔哩PC客户端,垫底辣妹,0
网络聊天软件都有哪些,网上聊天那个软件好,九秀直播,NBA直播软件大全,0
bilibili,bilibili,哔哩哔哩PC客户端,垫底辣妹,0
风景美图,风景美图超清 唯美," 稿定设计",美图秀秀正式版,0
哔哩哔哩官网,哔哩哔哩官网,哔哩哔哩PC客户端,苹果官网,0
穿越火线,穿越火线,穿越火线-枪战王者,穿越火线,0
https://chuangmeisj.tmall.com,,图怪兽,58同城,0
盒马工作台,盒马工作台,广联达G+工作台,7k7k游戏盒,0
学科网,学科网,学科网e备课,NBA直播软件大全,0
bilibili,bilibili,哔哩哔哩PC客户端,垫底辣妹,0
大国崛起,大国崛起观后感,古墓丽影10：崛起,猩球崛起,0
CAD2015 序列号 密钥,,转转大师CAD编辑器,office2019,0
素材下载免费,素材库免费下载,稿定设计,免费图片素材批量下载器,0
扫黑风暴在线观看免费完整版,扫黑风暴在线观看免费完整版28集,披荆斩棘的哥哥,扫黑英雄,0
ST,steam,Steam助手,Steam游戏助手,0
阿里旺旺,阿里旺旺,千牛工作平台,阿里旺旺买家版,0
玩单机游戏仓库,玩单机游戏仓库,快吧游戏盒,电脑十大耐玩单机游戏_经典电脑老单机游戏,0
东莞天气,东莞天气预报15天查询,天气预报,天气预爆,0
微信下载,微信下载,微信 电脑版,企业微信电脑版,0
360,360贷款靠谱吗,360安全卫士正式版,360驱动大师,0
ppt模板,ppt模板,PPT大师,毕业论文格式PPT模板,0
和讯股票网,和讯股票官网,同花顺 (免费股票行情分析交易软件),苹果官网,0
百度,百度翻译,百度翻译 官方下载,百度糯米 下载,0
cctv5在线直播观看,cctv5在线直播观看,六间房秀场,二叔,0
蓝光电影网,什么网站看电影是免费的,电影,破晓,0
谷歌,谷歌浏览器,谷歌浏览器(Google Chrome),谷歌地图 下载,0
黑子的篮球,黑子的篮球终极一战在线播放,蓝鲸体育,终极笔记,0
谷歌,谷歌浏览器,谷歌浏览器(Google Chrome),谷歌地图 下载,0
央视频直播在线观看,央视频直播在线观看手机版,披荆斩棘的哥哥,美女秀场,0
中药学高学敏视频,高学敏讲中药学视频,九秀直播,别想打扰我学习,0
央视直播,央视直播,蓝鲸体育,NBA直播软件大全,0
look直播,look直播,蓝鲸体育,NBA直播软件大全,0
"https//3456672,com",,图怪兽,hao123上网导航,0
电脑直播音效软件哪个好,电脑直播音效软件哪个好用,蓝鲸体育,NBA直播软件大全,0
设置下载安装 桌面,,漫兜兜免费壁纸,新商盟订烟系统,0
龙之谷2精灵王座在线观看,龙之谷2精灵王座在线观看,龙之谷2,精灵王座,0
steam,steam,Steam助手,Steam游戏助手,0
微信电脑版,微信电脑版下载,微信 电脑版,企业微信电脑版,0
中国象棋,中国象棋,象棋高手,中国象棋2017,0
百度网盘vip账号共享,百度网盘vip账号共享论坛,百度网盘(原百度云管家),腾讯视频 官方下载,0
举起手来在线免费,举起手来完整版免费,九秀直播,钟馗伏魔：雪妖魔灵,0
ps6软件下载,ps6软件下载,多特软件站,百度软件下载中心,0
荷塘月色现场bilibili,荷塘月色现场版,哔哩哔哩PC客户端,今夜现场秀,0
火萤视频桌面,火萤视频桌面,九秀直播,Firefox(火狐浏览器),0
传奇私服新开发布网,,变态传奇,2345传奇世界,0
卫星地图,卫星地图,百度地图app官方下载,谷歌地图 下载,0
北京交通大学图书馆,北京交通大学图书馆,稿定设计,大图书馆的牧羊人,0
熊出没,熊出没,熊出没之探险日记,熊出没,0
tupian ,图片,千图网下载器,图片搜索神器,0
GT960驱动官网找不到,,驱动人生,云译客,0
抖音注册店铺,抖音注册店铺怎么注册,抖音短视频电脑版,百度贴吧 官方下载,0
迅雷压缩,迅雷压缩包怎么解压,迅雷最新版,迅捷压缩,0
中文设计网,中文设计网站," 稿定设计",孢子 中文版,0
360快排系统,360私密系统,360安全卫士正式版,360手机卫士 安卓版,0
生活你好,生活你好,你好，安怡,你好的日语,0
乘风破浪电影免费观看完整版,乘风破浪电影免费观看完整版,电影,天将雄师,0
蜘蛛网中的女孩电影免费高清国语,,爱拍剪辑,千与千寻,0
微信公众号,微信公众号,微信 电脑版,96微信编辑器电脑版,0
steam饥荒联机卡,steam饥荒联机卡,Steam助手,饥荒 中文版,0
qq支付,qq支付怎么注销,腾讯QQ 2019,支付宝 官方下载,0
QQ识别文字  排序,,腾讯QQ 2019,迅捷ocr文字识别,0
搜狗,搜狗,搜狗拼音输入法,搜狗地图,0
LOL,lol官网,LoL皮肤美化大师,多玩LOL盒子 官方下载,0
赌城群英会在线观看电影,,披荆斩棘的哥哥,闺蜜,0
租号,租号玩,U号租,租号玩,0
室内设计联盟,室内设计联盟," 稿定设计",星球者联盟,0
bilibili,bilibili,哔哩哔哩PC客户端,垫底辣妹,0
宁海在线,宁海在线,九秀直播,在线小游戏,0
熊出没,熊出没,熊出没之探险日记,熊出没,0
天龙八部怀旧什么时候出怀旧三区,天龙八部怀旧服什么时候出附体,天龙八部手游,周末父母,0
第1ppt,第1ppt网,永中Office 个人版,门第,0
湖心亭看雪翻译,湖心亭看雪翻译,金舟文档翻译软件,雪豹,0
bilibili,bilibili,哔哩哔哩PC客户端,垫底辣妹,0
Cad2016保存某部分,cad2016怎么保存,转转大师CAD编辑器,你会怎么做,0
水怪2黑木林电影免费观看,水怪2黑木林电影免费观看西瓜,电影,澳门风云2,0
小米官网,小米官网,小米手机助手,苹果官网,0
360极速浏览器,360极速浏览器,360安全浏览器,360极速浏览器,0
yy,yyds什么意思,YY语音(歪歪语音),YY开播,0
pr视频速度,pr视频速度怎么调整,九秀直播,蜜蜂剪辑,0
学习动力视频,,九秀直播,别想打扰我学习,0
bilibili,bilibili,哔哩哔哩PC客户端,垫底辣妹,0
娟娟看电影,娟娟看电影哈利波特,电影,2345影视大全下载,0
look 直播,,蓝鲸体育,NBA直播软件大全,0
LRTimelapse Pro 破解版,,腾讯TIM ,Cool Edit Pro官方版,0
微信公众号可以改名字吗,微信公众号可以改名字吗,微信 电脑版,日上免税店app,0
扫黑风暴12集在线观看,扫黑风暴12集在线观看免费完整版,披荆斩棘的哥哥,扫黑英雄,0
亚洲地图,,百度地图app官方下载,星动亚洲 第三季,0
欧美成人在线视频,完美视频大全app下载,九秀直播,网页视频下载软件大全,0
美女图片大黄,壁纸图片2021最火爆女," 稿定设计",千图网下载器,0
日本AV在线,,九秀直播,武林风,0
bilibil,bilibili,哔哩哔哩PC客户端,垫底辣妹,0
爱奇艺在线观看,爱奇艺在线观看免费完整版,披荆斩棘的哥哥,爱奇艺,0
传奇,传奇,变态传奇,蓝月传奇,0
老电影三进山城城完整版,老电影三进山城完整版视频,电影,山炮进城,0
yy,yyds什么意思,YY语音(歪歪语音),YY开播,0
键盘打字在线练习,,九秀直播,五笔打字练习,0
形意拳教学视频,形意拳教学视频,九秀直播,广场舞,0
cf装备活动助手,cf装备助手官网,穿越火线 电脑稳定版,穿越火线CF,0
bilibili,bilibili,哔哩哔哩PC客户端,垫底辣妹,0
迅雷,迅雷,迅雷最新版,迅雷7,0
ted直播,ted直播,蓝鲸体育,NBA直播软件大全,0
weixin,微信,微信 电脑版,企业微信电脑版,0
word2007的橡皮擦在哪里,word2007的橡皮擦在哪里找到,Word 2007 简体中文版,亲爱的客栈 第2季,0
侠盗飞车电脑版怎么下载,侠盗飞车电脑版怎么下载,QQ飞车手游,侠盗猎车手：罪恶都市,0
bilibili,bilibili,哔哩哔哩PC客户端,垫底辣妹,0
double是什么意思英语,double是什么意思英语,哔哩哔哩PC客户端,完美英语视听学习王,0
单职业手游传奇官网,冰雪单职业传奇手游官网,变态传奇,封神传奇,0
boss直聘官网,boss直聘官网,boss直聘,苹果官网,0
中国教育在线,中国教育在线,九秀直播,在线小游戏,0
火箭加速器,火箭加速器,雷神加速器,流星游戏加速器,0
我的世界网易版,我的世界网易版枪械模组,我的世界(Minecraft),网易邮箱,0
雀侠奇缘之大三在线播放,,九秀直播,上错花轿之三嫁奇缘,0
bilibili,bilibili,哔哩哔哩PC客户端,垫底辣妹,0
电脑壁纸,电脑壁纸,漫兜兜免费壁纸,漫兜兜壁纸,0
平面设计报价,平面设计报价单," 稿定设计",汽车之家客户端,0
全球高考小说免费阅读无删减加番外TXT百度云,全球高考小说免费阅读,百度网盘(原百度云管家),TXT阅读器,0
神雕侠侣83版刘德华国语在线观看,83神雕侠侣刘德华版国语免费观看,披荆斩棘的哥哥,劫中劫,0
http://www.wacom.com/zh-cn,,租号玩,京东,0
bilibili,bilibili,哔哩哔哩PC客户端,垫底辣妹,0
百度,百度翻译,百度翻译 官方下载,百度糯米 下载,0
bilibili,bilibili,哔哩哔哩PC客户端,垫底辣妹,0
电影天堂,电影天堂里的视频怎么导出来剪辑,2345影视大全下载,血战钢锯岭,0
穿越火线 电脑稳定版,,穿越火线-枪战王者,穿越火线 电脑稳定版,0
cctv,cctv5在线直播观看,CBox央视影音,NBA直播软件大全,0
奔跑吧兄弟,奔跑吧兄弟,奔跑吧 第二季,奔跑吧兄弟大电影,0
三级片在线,,九秀直播,在线小游戏,0
电影天堂,电影天堂里的视频怎么导出来剪辑,2345影视大全下载,血战钢锯岭,0
传奇4,传奇4,变态传奇,传奇故事,0
cctv,cctv5在线直播观看,CBox央视影音,NBA直播软件大全,0
植物大战僵尸的动画片,植物大战僵尸的动画片,植物大战僵尸破解版,光之美少女食尚甜心,0
uu898,uu8686游戏交易平台,网易UU网游加速器,2345游戏,0
word兼容包官方免费下载,2010兼容包官方免费下载,永中Office 个人版,Office2007简体中文版,0
披荆斩棘的哥哥,披荆斩棘的哥哥,披荆斩棘的哥哥,厉害了我的歌,0
电影天堂,电影天堂里的视频怎么导出来剪辑,2345影视大全下载,血战钢锯岭,0
office激活密钥,office激活密钥,永中Office 个人版,office2019,0
word转图片,word转图片,永中Office 个人版,福昕PDF转Word,0
广联达xml是什么格式的文件,广联达GQI4是什么格式文件,广联达G+工作台,万能播放器,0
1.90私服发布网,,变态传奇,龙之谷,0
巴啦啦小魔仙爱奇艺真人版第一部,巴啦啦小魔仙1爱奇艺,爱奇艺,音符之谜,0
天之游侠,天之游侠黄金之路任务,游侠对战平台,永春白鹤拳,0
单机游戏,单机游戏,快吧游戏盒,电脑十大耐玩单机游戏_经典电脑老单机游戏,0
香蕉漫画,,快看漫画 电脑版,邪恶漫画,0
bilibili,bilibili,哔哩哔哩PC客户端,垫底辣妹,0
驾考宝典,驾考宝典,驾考宝典电脑版2017,驾考宝典,0
红色警戒,红色警戒,红警共和国之辉,红色警戒2共和国之辉,0
灯塔在线,灯塔在线,九秀直播,黑色灯塔,0
历史文化旅游,历史文化旅游学院,携程旅行网,历史永远铭记,0
腾讯‘,腾讯,腾讯视频 官方下载,腾讯课堂,0
沈阳体育学院,沈阳体育学院,蓝鲸体育,赶集生活 官方下载,0
抓饭直播,抓饭直播,蓝鲸体育,NBA直播软件大全,0
LOGO字体买断,英文logo设计 字体,logo设计软件大全,字体管家,0
百度网盘怎么下载快,百度网盘怎么下载快,百度网盘(原百度云管家),申通快递app官方下载,0
扫黑风暴在线观看免费完整版,扫黑风暴在线观看免费完整版28集,披荆斩棘的哥哥,扫黑英雄,0
装修通知,装修通知邻居书,图怪兽,酷家乐3D室内装修设计,0
风筝图片唯美,风筝图片唯美高清," 稿定设计",漫兜兜壁纸,0
:pixiv.net,pixivnet是什么,.NET Framework,绿茶妹,0
搜狗,搜狗,搜狗拼音输入法,搜狗地图,0
电影 飞狐外传,,电影,非狐外传,0
测速网,测速网,网速测试器,NBA直播软件大全,0
excel柱状图和折线图组合,excel曲线图制作教程,永中Office 个人版,PPT大师,0
周润发与袁泉演的电影叫什么名,上海滩电视剧周润发在线观看免费,电影,大宋宫词,0
斗罗大陆小说免费阅读,斗罗大陆小说免费阅读全部,斗罗大陆2绝世唐门,TXT阅读器,0
bilibili,bilibili,哔哩哔哩PC客户端,垫底辣妹,0
有道翻译,有道翻译,有道云笔记,有道词典,0
头绳图片,头绳图片," 稿定设计",图片搜索神器,0
电影天堂,电影天堂里的视频怎么导出来剪辑,2345影视大全下载,血战钢锯岭,0
变形金刚5最后的骑士在线观看高清免费,变形金刚5最后的骑士在线观看高清免费中文版,披荆斩棘的哥哥,暴风眼,0
精英律师在线观看免费完整版,精英律师在线观看免费完整版,披荆斩棘的哥哥,天将雄师,0
有寓意的漫画,有寓意的漫画,快看漫画 电脑版,有妖气漫画,0
腾讯,腾讯,腾讯视频 官方下载,腾讯课堂,0
腾讯,腾讯,腾讯视频 官方下载,腾讯课堂,0
谷歌,谷歌浏览器,谷歌浏览器(Google Chrome),谷歌地图 下载,0
斗罗大陆,斗罗大陆,斗罗大陆2绝世唐门,斗罗大陆,0
特种部队之蛇眼起源电影下载,特种部队:蛇眼起源 电影下载,电影,黎明之眼,0
新白发魔女传吴奇隆版全集在线观看,,披荆斩棘的哥哥,花园宝宝,0
3D走势图,3d走势图,稿定设计,传奇世界3D,0
百度,百度翻译,百度翻译 官方下载,百度糯米 下载,0
uu898,uu8686游戏交易平台,网易UU网游加速器,2345游戏,0
恋秀场,,九秀直播,美女秀场,0
有套图片,神龙套装图片," 稿定设计",去马赛克软件大全,0
这就是街舞第二季在线观看,这就是街舞第二季在线观看,披荆斩棘的哥哥,邻家诗话第二季,0
扫描驱动怎么安装、,惠普打印机扫描驱动怎么安装,驱动人生,企业微信电脑版,0
广联达识别梁表,广联达怎么识别梁表,广联达G+工作台,定制幸福,0
象棋国圣龙凤版,龙凤牌象棋,象棋高手,QQ游戏(QQGame),0
湖心亭看雪翻译,湖心亭看雪翻译,金舟文档翻译软件,雪豹,0
刺杀小说家在线观看免费观看完整版,刺杀小说家在线观看免费观看完整版高清,披荆斩棘的哥哥,钟馗伏魔：雪妖魔灵,0
电视直播,电视直播,蓝鲸体育,PPTV聚力网络电视,0
电影天堂,电影天堂里的视频怎么导出来剪辑,2345影视大全下载,血战钢锯岭,0
梦幻西游官网,梦幻西游官网电脑版,梦幻西游:人人都玩,苹果官网,0
卫星地图3d全景地图,卫星地图3d全景地图下载,百度地图app官方下载,谷歌地图 下载,0
bilibili,bilibili,哔哩哔哩PC客户端,垫底辣妹,0
QQ安全中心,qq安全中心官网,腾讯QQ 2019,QQ游戏(QQGame),0
macd是什么意思 股票,,同花顺 (免费股票行情分析交易软件),股票追击手,0
http://Wei.zhao@cgcreative.cn/,,租号玩,京东,0
心动的信号第四季第九期在线观看,心动的信号第四季第九期在线观看免费,披荆斩棘的哥哥,心动的信号,0
迷你世界雨林之眼,迷你世界雨林之眼怎么获得,迷你世界,黎明之眼,0
音乐,音乐在线听,酷我音乐,qq音乐,0
湖南卫视在线直播,湖南卫视在线直播,六间房秀场,2016湖南卫视中秋之夜,0
cf,cf官网,穿越火线 电脑稳定版,AcFun,0
360浏览器,360浏览器,360安全卫士正式版,360安全浏览器,0
百度,百度翻译,百度翻译 官方下载,百度糯米 下载,0
延禧攻略全集在线观看,延禧攻略全集在线观看,披荆斩棘的哥哥,男媒婆,0
只狼 修改器,,MP3Tag (MP3信息修改器) ,只狼：影逝二度 中文版,0
洛克王国,洛克王国手游,洛克王国记忆全能辅助,洛克王国之魔法守护者,0
斗罗大陆4终极斗罗,斗罗大陆4终极斗罗,斗罗大陆,斗罗大陆正版手游,0
中国体育彩破,中国体育彩破解,蓝鲸体育,多彩中国话,0
PDF,pdf怎么转换成word,转转大师pdf转换器,pdf猫pdf转ppt,0
西瓜视频,"西瓜视频,下载",西瓜影音播放器,西瓜视频电脑版,0
拼多多商家工作台,拼多多商家工作台,广联达G+工作台,拼多多商家工作台,0
扫黑风暴在线观看免费完整版,扫黑风暴在线观看免费完整版28集,披荆斩棘的哥哥,扫黑英雄,0
延禧攻略全集在线观看,延禧攻略全集在线观看,披荆斩棘的哥哥,男媒婆,0
延禧攻略全集在线观看,延禧攻略全集在线观看,披荆斩棘的哥哥,男媒婆,0
LOL,lol官网,LoL皮肤美化大师,多玩LOL盒子 官方下载,0
百年孤独人物关系图 图解,,稿定设计,溏心风暴3,0
房祖名电影早熟,房祖名电影早熟结局,电影,祖宗十九代,0
洛克王国,洛克王国,洛克王国记忆全能辅助,洛克王国之魔法守护者,0
灰猎犬号在线观看免费观看完整版,,披荆斩棘的哥哥,朝外81号,0
weixin,微信,微信 电脑版,企业微信电脑版,0
GTA5末日2,gta5末日2卡前置,侠盗猎车手5,终结者2：末日审判,0
优酷官网,优酷官网,优酷视频客户端,苹果官网,0
5ydj音乐网,5ydj音乐网,酷我音乐,qq音乐,0
腾讯,腾讯,腾讯视频 官方下载,腾讯课堂,0
天天基金网,天天基金网,天天向上,人人影视,0
绝世战神,绝世战神,战神遗迹,绝世高手,0
王码五笔输入法86版下载,王码五笔输入法86版下载地址,搜狗五笔输入法,王码五笔字型输入法,0
steam,steam,Steam助手,Steam游戏助手,0
steam,steam,Steam助手,Steam游戏助手,0
公众号里面的视频怎么下载,公众号里面的视频怎么下载,九秀直播,秀米微信图文编辑器电脑版,0
https://inv-veri.chinatax.gov.cn/index.html,,图怪兽,58同城,0
h5制作,h5制作小程序,易企秀,ppt制作软件,0
新霹雳游侠第二季全集免费观看,新霹雳游侠第二季全集在线观看,游侠对战平台,邻家诗话第二季,0
西瓜视频,西瓜视频,西瓜影音播放器,西瓜视频电脑版,0
lolkaite,lol凯特盒子官网,LoL皮肤美化大师,多玩LOL盒子 官方下载,0
天龙八部sf,天龙八部sf,天龙八部手游,天龙八部,0
传奇私服 网通,,变态传奇,升学e网通,0
雷探长视频全集免费,雷探长视频全集免费,九秀直播,迅雷影音 最新版,0
页游传奇排行,页游传奇排行榜,变态传奇,网页游戏排行榜2021,0
天龙八部,天龙八部,新天龙八部,天龙八部,0
单机游戏局域网,单机游戏局域网怎么弄,快吧游戏盒,电脑十大耐玩单机游戏_经典电脑老单机游戏,0
bilibili,bilibili,哔哩哔哩PC客户端,垫底辣妹,0
上火图片,上火图片," 稿定设计",图片搜索神器,0
粉色无水印背景图,全剧终背景图无水印,稿定设计,福字图片,0
延禧攻略在线观看免费完整版,延禧攻略在线观看免费完整版电视剧,披荆斩棘的哥哥,天将雄师,0
三国杀,三国杀,全面战争：三国,梦三国,0
大硕直播,大硕直播,蓝鲸体育,大冰小将,0
人事考试网,人事考试网,问卷网,蜜月酒店杀人事件,0
驾考宝典,驾考宝典,驾考宝典电脑版2017,驾考宝典,0
西瓜视频,西瓜视频,西瓜影音播放器,西瓜视频电脑版,0
渺渺体育老师,怎么能当体育老师,蓝鲸体育,我的体育老师,0
steam,steam,Steam助手,Steam游戏助手,0
奶茶店海报,奶茶店海报," 稿定设计",图怪兽,0
bilibili,bilibili,哔哩哔哩PC客户端,垫底辣妹,0
国外聊天软件,国外聊天软件,九秀直播,跑步软件大全,0
剑王朝在线观看免费观看完整版,剑王朝在线观看免费观看完整版高清,披荆斩棘的哥哥,仙侠剑,0
51星变,51星变官网,星变,变声宝宝 下载,0
终末的女武神第二季在线观看,终末的女武神第二季在线观看免费完整版,披荆斩棘的哥哥,天赐的声音2,0
学科网,学科网,学科网e备课,NBA直播软件大全,0
cctv,cctv5在线直播观看,CBox央视影音,NBA直播软件大全,0
bilibili,bilibili,哔哩哔哩PC客户端,垫底辣妹,0
中国银行官网,中国银行官网,中国银行客户端电脑版 ,苹果官网,0
在线翻译,在线翻译,百度翻译 官方下载,谷歌翻译器,0
银行招聘,银行招聘信息最新招聘2021,中国银行客户端电脑版 ,工商银行,0
https://www.csls.cdb.com.cm,,图怪兽,58同城,0
租号玩环境异常怎么解决,租号玩环境异常怎么办,租号玩,抖屏,0
英雄联盟,英雄联盟,lol英雄联盟百宝箱,英雄联盟,0
七乐彩走势图,七乐彩走势图,稿定设计,欢乐喜剧人第七季,0
steam,steam官网,Steam助手,Steam游戏助手,0
壁纸高清全屏女生可爱,壁纸高清全屏女生可爱卡通,漫兜兜免费壁纸,漫兜兜壁纸,0
电脑手机浏览器,pc浏览器手机版,QQ浏览器,UC浏览器电脑版,0
uu,uu加速器,网易UU网游加速器,uu换肤助手,0
bilibili,bilibili,哔哩哔哩PC客户端,垫底辣妹,0
微信公众号,微信公众号,微信 电脑版,96微信编辑器电脑版,0
英语翻译,英语翻译,金舟文档翻译软件,有道词典（英汉互译）,0
图好快,图好快,稿定设计,谷歌地图 下载,0
阿里巴巴,阿里巴巴,千牛工作平台,阿里巴巴(1688)自由布局工具,0
CSGO准心,csgo准心代码大全,穿越火线CF,5E对战平台,0
360浏览器,360浏览器,360安全卫士正式版,360安全浏览器,0
QQ邮件,qq邮件在哪找,腾讯QQ 2019,QQ游戏(QQGame),0
电影末世家园在线播放,末世家园电影在线观看,电影,家园防线,0
美女,美女图片,千图网下载器,美女秀场,0
租号,租号玩,U号租,租号玩,0
开单符壁纸,开单符壁纸高清,漫兜兜免费壁纸,漫兜兜壁纸,0
雷电模拟器,雷电模拟器,雷电模拟器,腾讯手游助手,0
4399游戏盒下载,4399游戏盒下载安装,快玩游戏盒 最新版,游窝游戏盒子(原游迅游戏盒),0
复仇者联盟4在线高清观看免费完整版,复仇者联盟4在线高清观看免费完整版,爱拍剪辑,四戒,0
扫黑风暴在线观看免费完整版,扫黑风暴在线观看免费完整版28集,披荆斩棘的哥哥,扫黑英雄,0
斗罗大陆免费完整观看,斗罗大陆免费完整观看,斗罗大陆2绝世唐门,天将雄师,0
bilibili,bilibili,哔哩哔哩PC客户端,垫底辣妹,0
6090青苹果,6090青苹果,苹果官网,2345影视大全下载,0
电影巴尔干边界免费播放,电影巴尔干边界免费播放电影,电影,皮皮影院播放器,0
csgo配置,csgo配置要求,穿越火线CF,5E对战平台,0
问卷网,问卷网,问卷网,NBA直播软件大全,0
dytv,斗鱼TV,抖音短视频电脑版,斗鱼,0
QQ,qq邮箱,腾讯QQ 2019,QQ游戏(QQGame),0
下载,下载,360安全浏览器,财付通 下载,0
斗罗大陆免费完整观看,斗罗大陆免费完整观看,斗罗大陆2绝世唐门,天将雄师,0
在月光下的异世界之旅在线观看,夜光下的异世界之旅在线观看,披荆斩棘的哥哥,我的绝密生涯,0
wangwangdui,汪汪队立大功,汪汪队立大功第七季,汪汪队立大功,0
xe炸图辅助下载,xe炸图辅助下载最新版,多多云手机,多玩DNF盒子,0
张翰哲的微博,,新浪微博 官方下载,张翰,0
披荆斩棘的哥哥,披荆斩棘的哥哥,披荆斩棘的哥哥,厉害了我的歌,0
uu,uu加速器,网易UU网游加速器,uu换肤助手,0
bilibili,bilibili,哔哩哔哩PC客户端,垫底辣妹,0
qq,qq邮箱,腾讯QQ 2019,QQ游戏(QQGame),0
体育新闻,体育新闻,蓝鲸体育,腾讯体育-企鹅直播,0
这就是街舞第四季在线观看,这就是街舞第四季在线观看免费完整版,披荆斩棘的哥哥,中国新声代第四季,0
好屌视频,,九秀直播,PDF猫压缩,0
微信有回音,微信有回音是怎么回事,微信 电脑版,企业微信电脑版,0
有道翻译官,有道翻译官,有道词典,亲爱的翻译官,0
电脑版炒股软件,电脑版炒股软件排行榜,同花顺 (免费股票行情分析交易软件),陌陌 电脑版,0
免费单机游戏推荐,好玩单机游戏手游推荐,快吧游戏盒,大话西游2,0
nba2kol,nba2kol2,NBA直播软件大全,NBA2k17 游戏,0
视觉中国用图格式,视觉中国 图片下载格式,稿定设计,图片处理软件大全,0
mbps是什么意思,mbps是什么意思,图怪兽,绿茶妹,0
iphone查找,iphone查找对方位置,苹果官网,ifunbox(iPhone文件管理),0
黑太阳731电影下载,,电影,80s手机电影 下载,0
咸鱼网二手交易平台,咸鱼网二手交易平台app下载,58同城,闲鱼,0
steam,steam,Steam助手,Steam游戏助手,0
向日葵远程控制软件如何传送文件,,向日葵远程控制软件,转转大师数据恢复软件,0
QQ大厅火影忍者ol修改器,火影忍者ol手游修改器,火影忍者,QQ游戏(QQGame),0
h5 微信支付,,微信 电脑版,易企秀,0
浙江卫视直播在线观看,浙江卫视直播在线观看节目表,披荆斩棘的哥哥,2016浙江卫视跨年晚会,0
斗罗大陆2绝世唐门免费观看动漫,斗罗大陆2绝世唐门免费观看动漫,斗罗大陆2绝世唐门,花园宝宝,0
战神归来,战神归来,战神遗迹,战神,0
前哨2迅雷,前哨2迅雷下载,迅雷最新版,超能太监2黄金右手,0
hpm1136mfp打印机怎么连接电脑,hpm1136mfp打印机怎么连接电脑打印,驱动人生,人人视频,0
与君歌在线观看,与君歌在线观看免费,披荆斩棘的哥哥,大秧歌,0
CCTV1,cctv1在线直播,CBox央视影音,欢乐中国人,0
steam,steam,Steam助手,Steam游戏助手,0
植物大战僵尸西塔版下载教程,植物大战僵尸西塔版本下载教程视频,植物大战僵尸破解版,西虹市首富,0
dota自走棋,dota自走棋,多玩LOL盒子 官方下载,魔兽争霸3冰封王座,0
张震讲故事在线听免费,张震讲故事在线听免费mp3,九秀直播,qq音乐,0
**************************************************************************************************************************香港三级片电影奇米、,,电影,火锅英雄,0
洛阳银行,洛阳银行,中国银行客户端电脑版 ,工商银行,0
警察,警察故事,警察故事2013,警察日记,0
手机电影,,电影,NBA直播软件大全,0
电影天堂,电影天堂里的视频怎么导出来剪辑,2345影视大全下载,血战钢锯岭,0
显卡价格,显卡价格,驱动人生,GPU-Z(显卡检测工具),0
一直播官网,一直播官网,蓝鲸体育,苹果官网,0
人事考试网,人事考试网,问卷网,蜜月酒店杀人事件,0
bibibi 官网,,哔哩哔哩PC客户端,苹果官网,0
360浏览器,360浏览器,360安全卫士正式版,360安全浏览器,0
QQ仙侠传,qq仙侠传手游官网,腾讯QQ 2019,剑侠,0
泰米尔语翻译,泰米尔语翻译在线翻译,金舟文档翻译软件,百度翻译 官方下载,0
浙江卫视818晚会直播,浙江卫视818晚会直播回放,蓝鲸体育,2016浙江卫视跨年晚会,0
电动工具合格证图片,电动工具合格证图片大全," 稿定设计",图片处理软件大全,0
天龙八部,天龙八部2021,天龙八部手游,天龙八部,0
迅雷,迅雷,迅雷最新版,迅雷7,0
谷歌搜索引擎,谷歌搜索引擎,谷歌浏览器(Google Chrome),谷歌地图 下载,0
假面骑士black,假面骑士black,哔哩哔哩PC客户端,假面骑士铠武,0
韩国电影,,电影,爱人,0
QQSG,全球三国,腾讯QQ 2019,全球风暴,0
教学的课程视频,心电图教学课程视频,九秀直播,迅捷视频剪辑器,0
众图网,众图网,稿定设计,千图网下载器,0
学科网,学科网,学科网e备课,NBA直播软件大全,0
ps5 官网,,图怪兽,NBA直播软件大全,0
昵图网 官网,,千图网下载器,苹果官网,0
韩国男同性爱电影,,电影,爱人,0
uu,uu加速器,网易UU网游加速器,uu换肤助手,0
视频号助手,视频号助手,九秀直播,腾讯视频 官方下载,0
腾讯,腾讯,腾讯视频 官方下载,腾讯课堂,0
百度,百度翻译,百度翻译 官方下载,百度糯米 下载,0
bilibili,bilibili,哔哩哔哩PC客户端,垫底辣妹,0
迅雷,迅雷,迅雷最新版,迅雷7,0
腾讯,腾讯,腾讯视频 官方下载,腾讯课堂,0
足球比分,足球比分,蓝鲸体育,笑林足球,0
污小说在线看,有毒小说app下载,九秀直播,小说快捕官方免费下载,0
cad2021破解版安装教程,浩辰cad2021破解版安装教程,转转大师CAD编辑器,转转大师录屏软件,0
扫黑风暴在线观看免费完整版,扫黑风暴在线观看免费完整版28集,披荆斩棘的哥哥,扫黑英雄,0
招商银行专业版,招商银行专业版,中国银行客户端电脑版 ,信用卡申请,0
LOL,lol官网,LoL皮肤美化大师,多玩LOL盒子 官方下载,0
学信网登录入口官网,学信网登录入口官网,学信网,网易邮箱,0
汉,汉译英,有道词典（英汉互译）,钟汉良,0
中国高清wang,中国高清网打不开,爱拍剪辑,中国飞侠,0
为什么什么担责怎么翻译,为什么什么担心怎么翻译,金舟文档翻译软件,快玩游戏盒 最新版,0
网易云游戏平台,网易云游戏平台,Tencent WeGame（原TGP腾讯游戏平台）,网易云音乐(PC端),0
直播,直播,九秀直播,NBA直播软件大全,0
8月份事业单位考试,5月份事业单位考试,问卷网,驾考宝典,0
西瓜视频,西瓜视频,西瓜影音播放器,西瓜视频电脑版,0
QQ怎样看功勋,怎样获得功勋,腾讯QQ 2019,QQ空间,0
玉溪二手房,玉溪二手房最新出售信息,58同城,安居客,0
星河战队1在线观看腾讯,星河战队在线观看免费观看,披荆斩棘的哥哥,超能陆战队,0
快影,快影,爱拍剪辑,忌日快乐,0
极速直播,极速直播,蓝鲸体育,NBA直播软件大全,0
黑镜在线,黑镜在线观看,九秀直播,黑白禁区,0
http://tn.tengzhou.cc/,,租号玩,京东,0
steam,steam,Steam助手,Steam游戏助手,0
https://zhtj.youth.cn/zhtj/,,租号玩,58同城,0
梦泪直播,梦泪直播,蓝鲸体育,企鹅电竞直播助手,0
学科网,学科网,学科网e备课,NBA直播软件大全,0
天龙八部胡军版在线观看免费,天龙八部胡军版在线观看免费,天龙八部手游,天龙八部（胡军版）,0
哔哩哔哩官网,哔哩哔哩官网,哔哩哔哩PC客户端,苹果官网,0
360极速浏览器,360极速浏览器,360安全浏览器,360极速浏览器,0
pr视频速度,pr视频速度怎么调整,九秀直播,蜜蜂剪辑,0
湖南卫视818晚会直播,湖南卫视818晚会直播在线观看,蓝鲸体育,2016湖南卫视中秋之夜,0
a计划1成龙国语电影,a计划1成龙国语电影哪年拍的,电影,成龙,0
传奇,传奇,变态传奇,蓝月传奇,0
迅雷,迅雷,迅雷最新版,迅雷7,0
CF吧,cf吧,穿越火线 电脑稳定版,NBA直播软件大全,0
QQ,qq邮箱,腾讯QQ 2019,QQ游戏(QQGame),0
王牌对王牌,王牌对王牌,王牌对王牌 第3季,王牌对王牌,0
百度搜图,百度搜图匹配相似图片,稿定设计,谷歌地图 下载,0
搜狗,搜狗,搜狗拼音输入法,搜狗地图,0
微信公众号登录,微信公众号登录,微信 电脑版,96微信编辑器电脑版,0
JOJO电脑壁纸,jojo电脑壁纸1920x1080超清,漫兜兜免费壁纸,漫兜兜壁纸,0
天龙八部2021,天龙八部2021,天龙八部手游,天龙八部,0
抖音直播伴侣app官方下载,抖音直播伴侣app官方下载,快手直播伴侣,百度地图app官方下载,0
yi'zhuo'yi'wang,,租号玩,爱奇艺,0
巴啦啦小魔仙爱奇艺版第一部,巴啦啦小魔仙爱奇艺真人版第一部,爱奇艺,音符之谜,0
YY,yyds什么意思,YY语音(歪歪语音),YY开播,0
延禧攻略全集在线观看,延禧攻略全集在线观看,披荆斩棘的哥哥,男媒婆,0
延禧攻略全集在线观看,延禧攻略全集在线观看,披荆斩棘的哥哥,男媒婆,0
延禧攻略全集在线观看,延禧攻略全集在线观看,披荆斩棘的哥哥,男媒婆,0
谍影风云,谍影风云,风云视频转换器,谍影重重5,0
lol夏季赛,lol夏季赛时间2021赛程表,LoL皮肤美化大师,lol英雄联盟百宝箱,0
王者荣耀新赛季s25,王者荣耀新赛季s25开始时间,王者荣耀,王者荣耀 电脑稳定版,0
boss直,boss直聘,boss直聘,NBA直播软件大全,0
扫黑风暴在线观看免费完整版,扫黑风暴在线观看免费完整版28集,披荆斩棘的哥哥,扫黑英雄,0
nn加速器,nn加速器,雷神加速器,流星游戏加速器,0
bilibili,bilibili,哔哩哔哩PC客户端,垫底辣妹,0
acfun,acfun,穿越火线 电脑稳定版,AcFun,0
搜狗翻译,搜狗翻译,金舟文档翻译软件,百度翻译 官方下载,0
穿越火线单机版,穿越火线单机版,穿越火线-枪战王者,穿越火线,0
steam,steam,Steam助手,Steam游戏助手,0
360浏览器,360浏览器,360安全卫士正式版,360安全浏览器,0
天龙八部私服,天龙八部手游私sf无限元宝,天龙八部手游,天龙八部,0
僵尸,僵尸,植物大战僵尸,僵尸降头,0
QQ飞车下载,qq飞车下载最新版本下载,QQ飞车手游,qq飞车 ,0
中国地形图,中国地形图,稿定设计,中国新歌声,0
qq,qq邮箱,腾讯QQ 2019,QQ游戏(QQGame),0
免费QQ,免费qq号和密码能登的,腾讯QQ 2019,qq音乐,0
腾讯,腾讯,腾讯视频 官方下载,腾讯课堂,0
bilibili,bilibili,哔哩哔哩PC客户端,垫底辣妹,0
lolrongyu查询,lol荣誉查询,LoL皮肤美化大师,邮编查询,0
lol,lol官网,LoL皮肤美化大师,多玩LOL盒子 官方下载,0
bilibili,bilibili,哔哩哔哩PC客户端,垫底辣妹,0
音乐,音乐在线听,酷我音乐,qq音乐,0
阿富汗最新情况视频,阿富汗局势最新情况视频,九秀直播,广场舞,0
DOTA2怎么国服启动,dota2国服启动项,多玩LOL盒子 官方下载,绝地求生：大逃杀,0
浙江卫视818晚会直播,浙江卫视818晚会直播回放,蓝鲸体育,2016浙江卫视跨年晚会,0
中南大学图书馆,中南大学图书馆,稿定设计,大图书馆的牧羊人,0
江山多娇江河篇视频,江山多娇江河篇观后感,九秀直播,江山如此多娇,0
100级天帝辅助装备附魔什么宝珠,,多多云手机,多玩DNF盒子,0
学生在线服务系统,学生在线服务系统,九秀直播,学生兵,0
兴业银行,兴业银行,中国银行客户端电脑版 ,工商银行,0
湖南卫视在线直播,湖南卫视在线直播,六间房秀场,2016湖南卫视中秋之夜,0
植物大战僵尸,植物大战僵尸,植物大战僵尸,植物大战僵尸破解版,0
腾讯漫画,腾讯漫画,快看漫画 电脑版,邪恶漫画,0
餐厅设计,餐厅设计效果图大全," 稿定设计",问题餐厅,0
qq,qq邮箱,腾讯QQ 2019,QQ游戏(QQGame),0
搜狗,搜狗,搜狗拼音输入法,搜狗地图,0
爱探险的朵拉腾讯视频,爱探险的朵拉第一季 腾讯视频,腾讯视频 官方下载,爱探险的朵拉,0
江山多娇江河篇视频,江山多娇江河篇观后感,九秀直播,江山如此多娇,0
红警之家,红警之家,红警共和国之辉,红警OL手游,0
谷歌,谷歌浏览器,谷歌浏览器(Google Chrome),谷歌地图 下载,0
模拟器,模拟器,雷电模拟器,腾讯手游助手,0
好看视频官网,好看视频官网,九秀直播,苹果官网,0
360,360贷款靠谱吗,360安全卫士正式版,360驱动大师,0
珠江台直播,珠江台直播,蓝鲸体育,触手tv直播平台,0
百度,百度翻译,百度翻译 官方下载,百度糯米 下载,0
杂碎音乐,杂碎音乐论坛关闭,酷我音乐,qq音乐,0
湖南卫视818晚会直播,湖南卫视818晚会直播在线观看,蓝鲸体育,2016湖南卫视中秋之夜,0
狐妖小红娘漫画,狐妖小红娘漫画,快看漫画 电脑版,邪恶漫画,0
cctv,cctv5在线直播观看,CBox央视影音,NBA直播软件大全,0
bilibili,bilibili,哔哩哔哩PC客户端,垫底辣妹,0
纯色背景图竖屏,纯色背景图竖屏,稿定设计,漫兜兜壁纸,0
传奇新开单职业网站,新开单职业玩传奇网站,变态传奇,2345传奇世界,0
加速器,,雷神加速器,流星游戏加速器,0
https://shdr.cn/df,,图怪兽,58同城,0
csgo勋章,csgo勋章获得方法,穿越火线CF,5E对战平台,0
星际传奇,星际传奇,变态传奇,星际穿越,0
鲜花图片,鲜花图片," 稿定设计",鲜花盛开的村庄,0
舞蹈日本,舞蹈日本,九秀直播,中国好舞蹈,0
bilibili,bilibili,哔哩哔哩PC客户端,垫底辣妹,0
你微笑时很美电视剧在线观看免费版,你微笑时很美电视剧在线观看免费版不卡,披荆斩棘的哥哥,我的时代，你的时代,0
bilibili,bilibili,哔哩哔哩PC客户端,垫底辣妹,0
股票分时战法,股票分时战法视频,同花顺 (免费股票行情分析交易软件),乐视视频 下载,0
pdf编辑工具,pdf编辑工具,迅捷pdf编辑器,转转大师PDF编辑器,0
阿里巴巴,阿里巴巴1688货源批发官网,千牛工作平台,阿里巴巴(1688)自由布局工具,0
食品安全图片,食品安全图片," 稿定设计",图片搜索神器,0
微信电脑版,微信电脑版怎么用小程序,微信 电脑版,企业微信电脑版,0
微信公众号编辑器,微信公众号编辑器,微信 电脑版,96微信编辑器电脑版,0
怎么下载youtube里面的视频,怎么下载youtube里面的视频,九秀直播,YouTube,0
钢琴家在线,钢琴家在线观看免费完整版,九秀直播,在线小游戏,0
bilibili,bilibili,哔哩哔哩PC客户端,垫底辣妹,0
七喜影院扫黑风暴在线观看,七喜影院扫黑风暴在线观看免费完整版高清,披荆斩棘的哥哥,扫黑英雄,0
测网速,测网速,网速测试器,测试7,0
扫黑风暴在线观看免费完整版,扫黑风暴在线观看免费完整版星辰影院,披荆斩棘的哥哥,扫黑英雄,0
传奇4电脑端,原始传奇电脑版,变态传奇,传奇故事,0
火柴人枪神9,火柴人枪神9下载,火柴人羽毛球,Internet Explorer 9,0
儿童汽车视频,儿童汽车视频,九秀直播,贝瓦儿歌,0
好大夫在线,好大夫在线,九秀直播,在线小游戏,0
电视剧扫黑风暴40集在线观看,电视剧扫黑风暴40集在线观看免费完整版,披荆斩棘的哥哥,黑白禁区,0
畅易阁天龙八部交易平台,畅易阁天龙八部交易平台怀旧服,天龙八部手游,天龙八部,0
生工生物工程(上海)股份有限公司,生工生物工程(上海)股份有限公司,同花顺 (免费股票行情分析交易软件),赶集生活 官方下载,0
荒野行动官网,荒野行动官网,荒野行动 电脑版,苹果官网,0
360,360贷款靠谱吗,360安全卫士正式版,360驱动大师,0
帝国的崛起,帝国的崛起,古墓丽影10：崛起,大秦帝国之崛起,0
office破解版,office破解版怎么安装,永中Office 个人版,office助手,0
慕容三国,慕容三国,全面战争：三国,梦三国,0
腾讯,腾讯,腾讯视频 官方下载,腾讯课堂,0
洛克王国,洛克王国,洛克王国记忆全能辅助,洛克王国之魔法守护者,0
酷狗下载音乐2021官方免费,酷狗下载音乐2021官方免费狗,酷狗音乐,酷我音乐盒最新版,0
央视网直播,央视网直播,蓝鲸体育,NBA直播软件大全,0
bilibili官网,bilibili官网,哔哩哔哩PC客户端,苹果官网,0
扫黑风暴在线观看免费完整版,扫黑风暴在线观看免费完整版28集,披荆斩棘的哥哥,扫黑英雄,0
欧美激情AV直播,,蓝鲸体育,一票难求,0
游侠,游侠,游侠对战平台,终极游侠,0
快手直播条件,快手直播条件,快手 电脑版,快手直播伴侣,0
甄子丹电影,甄子丹电影,电影,甄子丹,0
腾讯,腾讯,腾讯视频 官方下载,腾讯课堂,0
头号玩家免费完整版在线观看,头号玩家免费完整版在线观看,披荆斩棘的哥哥,天将雄师,0
钙片海报,钙片海报手绘可爱," 稿定设计",图怪兽,0
bilibili,bilibili,哔哩哔哩PC客户端,垫底辣妹,0
华师在线网络教育学院官网,华师在线网络教育学院app,九秀直播,风行网络电视,0
勒布朗詹姆斯壁纸超清,勒布朗詹姆斯壁纸超清湖人,漫兜兜免费壁纸,upupoo动态桌面壁纸,0
如懿传在线观看全集,如懿传在线观看全集,披荆斩棘的哥哥,如懿传,0
迅雷,迅雷,迅雷最新版,迅雷7,0
搜狗,搜狗,搜狗拼音输入法,搜狗地图,0
卡通蝴蝶图片,卡通蝴蝶图片," 稿定设计",漫兜兜壁纸,0
天天射网,天天运势网,天天向上,人人影视,0
ppt模板,ppt模板,PPT大师,毕业论文格式PPT模板,0
百度,百度翻译,百度翻译 官方下载,百度糯米 下载,0
下载word2012文档,word2012文档默认的扩展名,永中Office 个人版,金舟文档翻译软件,0
cad看图,cad看图王,迅捷CAD编辑器,CAD快速看图,0
818时代少年团视频,2021818时代少年团视频,九秀直播,我的时代，你的时代,0
视频app,视频app排名哪个比较好用,九秀直播,NBA直播软件大全,0
直播吧,直播吧,六间房秀场,NBA直播软件大全,0
美空模特壁纸,美空模特官网,漫兜兜免费壁纸,最美简历制作,0
披荆斩棘的哥哥,披荆斩棘的哥哥,披荆斩棘的哥哥,厉害了我的歌,0
秋蝉电视剧在线观看免费,秋蝉电视剧在线观看免费,披荆斩棘的哥哥,芸汐传,0
音乐中国风,中国古典音乐下载免费下载,酷我音乐,qq音乐,0
植物大战僵尸,植物大战僵尸,植物大战僵尸,植物大战僵尸破解版,0
斗罗大陆免费完整观看,斗罗大陆免费完整观看,斗罗大陆2绝世唐门,天将雄师,0
" http://blog.zzedu.net.cn/u4902f527-85d7-4d59-a7e8-28cf91f8533c",,.NET Framework,京东,0
披荆斩棘的哥哥,披荆斩棘的哥哥,披荆斩棘的哥哥,厉害了我的歌,0
输入法,输入法,2345王牌拼音输入法,搜狗拼音输入法,0
