经核查过的你的所学专业名称与报考条件规定的专业名称不一致。如果你承诺本人符合报考条件，可继续进行报名。若在后续的核查或监管中被认定为不符合报考条件，将按考试报名无效或者考试成绩无效处理，所交费用不予退还,,问卷网,,0
qqcb2.com ,,腾讯QQ 2019,,0
怎样把微信聊天记录导出来,怎样把微信聊天记录导出来到电脑,九秀直播,,0
新生儿绿便的原因有哪些,新生儿便便有点绿色是什么原因,新生日记第2季,,0
网上共青团智慧团建,网上共青团智慧团建,智慧团建,,0
中国银行手机盾怎么开通,中国银行手机盾怎么开通,中国银行客户端电脑版 ,,0
松原京东云仓招聘,阳谷京东云仓招聘,京东,,0
癫马灵猴国语高清,癫马灵猴高清老电影,爱拍剪辑,,0
微博怎么看自己用过的头像,微博怎么看以前的头像,新浪微博 官方下载,,0
steam上的cs1.6玩不了,steam上cs1.6有人玩吗,Steam助手,,0
制服丝袜影音先锋,,影音先锋云3D版,,0
中国人事考试网,中国人事考试网,问卷网,,0
dnf女漫游神话排名,dnf女漫游神话排名,多玩DNF盒子,,0
2018nba火箭vs勇士g5,2018nba火箭vs勇士g6,最强NBA,,0
cad海龙插件安装教程,cad源泉插件安装教程,转转大师CAD编辑器,,0
索尼CFD-S38激光头？,,穿越火线 电脑稳定版,,0
中国银行信用卡电话24小时客服人工,中国银行信用卡电话24小时客服人工,中国银行客户端电脑版 ,,0
为什么图片在手机上显示jpg在电脑上不显示,," 稿定设计",,0
腿和屁股一直出汗是什么原因,女腿屁股出汗是什么原因,同花顺 (免费股票行情分析交易软件),,0
833874股吧,833874泰祥股份股吧,同花顺 (免费股票行情分析交易软件),,0
三好学生 怎么翻译,,金舟文档翻译软件,,0
https://www.yuque.com/docs/share/741b23d8-340a-422b-a705-e012562cdf00?#,,图怪兽,,0
写黄文的妹妹沦为素材的哥哥,,稿定设计,,0
dnf沙袋打桩设置标准,dnf沙袋打桩设置标准2021,多玩DNF盒子,,0
交通银行,交通银行信用卡电话,中国银行客户端电脑版 ,,0
迪丽热巴杨洋迪士尼直播回放,迪丽热巴杨洋七夕直播回放,蓝鲸体育,,0
帝宝花园148号楼户型图,,稿定设计,,0
5平方房间装修效果图,5平米卧室装修图,稿定设计,,0
如何避免体育教学中的不安全因素？,如何避免体育教学中的不安全因素领导总结,蓝鲸体育,,0
回复术士的重来人生漫画无修,回复术士的重来人生漫画无修,快看漫画 电脑版,,0
CD机激光头无光维修,cd激光头维修视频,58同城,,0
业务员晋升PPT,业务员晋升业务主任的条件,永中Office 个人版,,0
动物交配视频,动物是怎么交流配的,九秀直播,,0
558,558,58同城,,0
dnf创世之书7-4怎么过关,dnf创世之书8-4怎么过关,多玩DNF盒子,,0
英雄联盟有关的小说排行榜,网游之英雄联盟小说排行榜前十名,lol英雄联盟百宝箱,,0
中国地图,中国地图,百度地图app官方下载,,0
美女壁纸,美女壁纸,漫兜兜免费壁纸,,0
咪咕音乐,咪咕音乐,酷我音乐,,0
射雕英雄传之九阴白骨爪电影免费观看,电影射雕英雄传之九阴白骨爪在线观看,电影,,0
狼群的复仇之路电影,狼群开启复仇之路是什么电影,电影,,0
新生代老年代,新生代老年代永久代,新生日记第2季,,0
601958,601958,58同城,,0
网线水晶头排线图片,网线水晶头排线图片," 稿定设计",,0
EZ698415893CN,,58同城,,0
天龙八部愿灵泉,天龙八部愿灵泉怎么得,天龙八部手游,,0
SEA集团股价,sea股价实时行情,同花顺 (免费股票行情分析交易软件),,0
仰卧卷腹正确做法视频,仰卧卷腹正确做法视频教程,九秀直播,,0
成人色情电影,,电影,,0
小林家的龙仆第二季2樱花动漫,,樱花动漫网,,0
传奇私服,传奇私服被抓,变态传奇,,0
Evangelion.3.0 1.01.Thrice.Upon.a.Tim,,腾讯TIM ,,0
谏太宗十思疏原文及翻译,谏太宗十思疏原文及翻译,金舟文档翻译软件,,0
bt4k影院 MP4,,MP4播放器,,0
400-8867-958. ②400ぺ8867ぺ958,,58同城,,0
洛克王国几几年,洛克王国几几年出的,洛克王国记忆全能辅助,,0
如何知道文档字数,如何快速知道文档字数,永中Office 个人版,,0
ax3600,ax3600,360安全卫士正式版,,0
下载的视频放在电脑里哪个地方存的多,,九秀直播,,0
登陆之日 电影,,电影,,0
欧陆风云4关ai,欧陆风云4关闭要塞,风云视频转换器,,0
大众朗逸2015款电气原理图,大众朗逸2015款报价,稿定设计,,0
中炬高新股吧,中炬高新股吧东方财富,同花顺 (免费股票行情分析交易软件),,0
股票市场,股票市场上的ipo是什么意思,同花顺 (免费股票行情分析交易软件),,0
WPS表格中一个数的平方怎么输入,,WPS Office中文版,,0
宏达股份,宏达股份,同花顺 (免费股票行情分析交易软件),,0
老婆孩子在天堂的微博,老婆孩子在天堂的微博,新浪微博 官方下载,,0
金灿荣西瓜视频,2020/年金灿荣演讲视频,西瓜影音播放器,,0
魔影工厂怎么压缩视频大小,魔影工厂怎么压缩视频大小,魔影工厂,,0
陈情令电脑桌面壁纸,陈情令电脑桌面壁纸高清横屏,漫兜兜免费壁纸,,0
魔化灵纹外套图纸在哪里,魔化灵纹外套哪里买,稿定设计,,0
昆明理工大学图书馆,昆明理工大学图书馆,稿定设计,,0
LOLrop,,LoL皮肤美化大师,,0
工程360到375怎么练,魔兽世界工程360到375,360安全卫士正式版,,0
幼儿手风琴启蒙上海音乐出版社郝抷喜编,,酷我音乐,,0
胰腺解剖图,胰腺解剖图,稿定设计,,0
fifaonline4,fifaonline4,FIFA足球世界,,0
饥荒世界下雨,饥荒一直下雨,饥荒 中文版,,0
www.xhajyy.com/,,YY语音(歪歪语音),,0
蓝月酒店,蓝月酒店,携程旅行网,,0
亲爱的 别跨过那条江在线观看,,披荆斩棘的哥哥,,0
苹果6s抹机需要设置,苹果6s被抹机了怎么办,苹果官网,,0
微变盛大私服传奇发布网,,变态传奇,,0
EWSTM8视频讲座,,九秀直播,,0
四川人力资源和社会保障厅考试网,四川人力资源和社会保障厅考试网报名入口,问卷网,,0
excel里查找替换快捷键,excel表查找替换快捷键,永中Office 个人版,,0
交通银行,交通银行信用卡电话,中国银行客户端电脑版 ,,0
京东盗图举报,京东举报商家盗图,京东,,0
QQ 吧相片 设置成 相片墙,,腾讯QQ 2019,,0
东北肌肉体育生-宿舍,东北肌肉体育生宿舍打灰机,蓝鲸体育,,0
扫黑风暴在哪个电视频道演,电视剧扫黑风暴在哪个电视频道播出,九秀直播,,0
中国人事考试网,中国人事考试网,问卷网,,0
传奇私服复古火龙,,变态传奇,,0
大话西游2插旗坐标,大话西游2种植插旗,大话西游2,,0
欧美深喉视频,,九秀直播,,0
TRIPS灵活性的来源,,图怪兽,,0
由学生运营的组织英文翻译,组织学生唱小星星歌曲英文翻译,金舟文档翻译软件,,0
股票认购证什么时候开始的,股票认购证什么时候开始的?92上海股票认购证历史,同花顺 (免费股票行情分析交易软件),,0
我的世界怎么找到水,我的世界怎么找到水下宫殿,我的世界(Minecraft),,0
常州溧阳明都驾校酒店,,携程旅行网,,0
QQ中带骷髅的头像在哪设置,,腾讯QQ 2019,,0
王者荣耀的情侣标怎么吗显示,王者荣耀情侣标为什么显示不出来?,王者荣耀,,0
冒险岛伤害数字效果,冒险岛伤害数字特效,冒险岛游戏,,0
必修一第五单元英语单词,必修一第五单元英语单词,第五人格,,0
饥荒复活代码,饥荒复活代码,饥荒 中文版,,0
显卡识别不了了,显卡识别不了显示器,驱动人生,,0
一个身份证可以认证几个支付宝账号,一个身份证可以认证几个支付宝账号密码,支付宝 官方下载,,0
亳州市 人民政府办公室关于进一步推进绿色建筑,,永中Office 个人版,,0
中毅达股吧,中毅达股吧东方财富网,同花顺 (免费股票行情分析交易软件),,0
Aa股是什么意思,a股上市是什么意思,同花顺 (免费股票行情分析交易软件),,0
四川人力资源和社会保障厅考试网,四川人力资源和社会保障厅考试网,问卷网,,0
斗地主赢现金微信零钱,斗地主赢现金微信零钱,斗地主,,0
yy4138,,YY语音(歪歪语音),,0
图Ⅰ为河流地貌示意图，图Ⅱ为四幅河流地貌景观图。读图回答下列问题。      ( 1 )  图Ⅱ中，以侵蚀作用为主形成的地貌是 1 ，以堆积作用为主形成的地貌是 2 。（填序号）,,稿定设计,,0
招行信用卡18号出账单几号还款,,信用卡申请,,0
小君舞蹈秀,,九秀直播,,0
华合（北京）国际工程设计有限公司,," 稿定设计",,0
问道中娃娃怎么加点,问道手游娃娃怎么加点,问道,,0
小米平板5抢到多久发货,小米抢到了多久发货,小米手机助手,,0
react 日历组件,,2020年日历全年表Excel,,0
中国邮政储蓄银行,中国邮政储蓄银行,中国银行客户端电脑版 ,,0
洛克光羽圣殿,洛克光羽圣殿怎么进,洛克王国记忆全能辅助,,0
商洛市义务教育学校招生入学网络平台,商洛市义务教育学校招生入学网络平台学生登录,图怪兽,,0
摄图网,摄图网,稿定设计,,0
谢谢你来了2018完整版 重庆卫视,,谢谢让我遇见你,,0
表格中替换单元格内容怎么替换,表格中替换单元格内容怎么替换公式,永中Office 个人版,,0
华硕 M2N-MX SE Plus  驱动,,驱动人生,,0
烹饪 白玉蜗牛的视频  ,,九秀直播,,0
搜图,搜图,稿定设计,,0
减肥瘦全身视频,减肥瘦全身视频教程,九秀直播,,0
重装系统开机黑屏,重装系统开机黑屏,老毛桃U盘启动盘制作工具,,0
java传文件流是穿什么,,Java SE Development Kit(JDK) ,,0
斗罗大陆中最强者,斗罗大陆中最强者是谁,斗罗大陆2绝世唐门,,0
我的世界1.11材质,我的世界1.11材质包,我的世界(Minecraft),,0
天龙八部手游结义酒,天龙八部手游结义酒怎么获得,天龙八部手游,,0
三联虹股吧,三联虹普股票股吧,同花顺 (免费股票行情分析交易软件),,0
" 如图是一种叶绿素分子（图1）和血红蛋白分子（图2）的局部结构简图，下列说法不正确的是（    ）",,稿定设计,,0
迷你世界野人驯服后怎么让他工作,迷你世界野人驯服后怎么让他工作,迷你世界,,0
银行变相抢储户的钱,,中国银行客户端电脑版 ,,0
梦幻西游普陀带什么套装最好,梦幻西游普陀带什么套装效果,梦幻西游:人人都玩,,0
怎么删除百度云还没下好的文件,,百度网盘(原百度云管家),,0
dnf使徒的宿命怎么获取,dnf使徒的宿命称号怎么样,多玩DNF盒子,,0
碧水玲珑蛋能孵出什么宠物,碧水玲珑蛋能孵出什么图片,玲珑,,0
ZHANKU ,站酷,租号玩,,0
魔兽世界拍卖行的保管费会退吗?,魔兽世界拍卖行保证金给退吗,魔兽大脚,,0
抖音小店怎么开通,抖音小店怎么开通,抖音短视频电脑版,,0
qq与我相关怎么看到指定日期,,腾讯QQ 2019,,0
就有道而正焉。(2)朝闻道，夕死可矣。(3)士不可以不弘毅，任重而道远。,,有道词典,,0
糖豆人要加速器吗,糖豆人要加速器吗,雷神加速器,,0
agricultural production,,UC浏览器电脑版,,0
劳模创新工作室设计图,劳模创新工作室设计图logo图," 稿定设计",,0
如何证明的股价是合理的,如何计算股价是否合理,同花顺 (免费股票行情分析交易软件),,0
传世仿盛大私服,金牛仿盛大传世,变态传奇,,0
奥迪车报价及图片大全价格,奥迪车报价及图片大全价格," 稿定设计",,0
中医专长医师考试用书金英杰,安徽省中医专长医师考试,问卷网,,0
河南省义务教育招生服务平台报名,河南省义务教育招生服务平台报名流程,图怪兽,,0
王者归来王浩第三部大结局,,王者荣耀,,0
广西人事考试,中国人事考试网,问卷网,,0
谢谢你来了重庆博士美国洋媳妇全视频,谢谢你来了中国博士美国媳妇完整版,谢谢让我遇见你,,0
excel如何保持原表样式黏贴,excel如何原表复制,永中Office 个人版,,0
中国移动智能门锁安装视频,中国移动nb-iot智能门锁安装教程,九秀直播,,0
折纸船大全 图解 步骤,,稿定设计,,0
怎样调整图片大小,怎样调整图片大小," 稿定设计",,0
高一物质分类思维导图,高一化学物质的分类思维导图,稿定设计,,0
四川人力资源和社会保障厅考试网,四川人力资源和社会保障厅考试网,问卷网,,0
网易有爱怎么关闭队友显示血量,,网易云音乐(PC端),,0
吕剧电影对门亲家全剧,吕剧电影对门亲家全剧在哪看全集,电影,,0
王者荣耀信誉积分怎么恢复,王者荣耀信誉积分怎么恢复,王者荣耀,,0
拳皇13怎样选隐藏人物,拳皇13怎样解锁隐藏人物,拳皇98终极之战OL,,0
魔兽世界怀旧服燃烧的远征时光锁匙,魔兽世界怀旧服燃烧的远征时光徽章,魔兽大脚,,0
兄弟7360打印机安装驱动怎么安装,兄弟7360打印机驱动怎么下载安装,驱动人生,,0
苹果12配置参数表,苹果12配置参数表,苹果官网,,0
南充文化旅游职业学院官网,南充文化旅游职业学院官网,携程旅行网,,0
财税[2017]58,财税[2017]58号,58同城,,0
扫黑风暴在线观看免费完整版,扫黑风暴在线观看免费完整版28集,披荆斩棘的哥哥,,0
爸爸侵犯了可爱女儿结成乃乃电影,,电影,,0
氢能股半年报净利增长138%，亮点是氢气营收增3500%多,,同花顺 (免费股票行情分析交易软件),,0
1948年12月1日中国人民银行在哪成立,,中国银行客户端电脑版 ,,0
四川人力资源和社会保障厅查询二建考试成绩什么时候网页能正常,,问卷网,,0
打印机黄感叹号能打印,打印机不能打印出现黄感叹号,驱动人生,,0
dnf2019夏日装扮外观,dnf2019夏日装扮外观图片,多玩DNF盒子,,0
国家医保信息业务编码数据库维护,国家医保信息业务编码数据库维护环境,SQL Server自动安装程序,,0
邱慧芳二十四式太极拳分解教学视频,邱慧芳二十四式太极拳分解教学视频,九秀直播,,0
医疗废物转运路线图,医疗废物转运流程图,稿定设计,,0
yazhourenti,亚洲人跳高世界纪录,租号玩,,0
excel表格做柱状图如何编辑,excel表格柱状图纵坐标如何自定义数值,永中Office 个人版,,0
选股票的基本方法和技巧,怎么选股票技巧,同花顺 (免费股票行情分析交易软件),,0
微信企业直播怎样录下来,企业微信直播怎样浮窗,蓝鲸体育,,0
性能测试指标tps,性能测试指标tps合理范围,图怪兽,,0
兄弟7360进纸拆传感器,兄弟7360进纸传感器拆解,360安全卫士正式版,,0
包图网,包图网,稿定设计,,0
ps中填充颜色怎样是羽化的状态,,图怪兽,,0
叶颖华肌筋膜松解术全套视频,叶颖华肌筋膜松解术全套视频-丘比特lv,九秀直播,,0
红警尤里复仇只能小窗口玩,,红警共和国之辉,,0
四川人事考试网,四川人力资源和社会保障厅考试网,问卷网,,0
我在加菲猫影视免费追最新的剧，一定要安利给你这个宝藏app！下载用戳↓↓↓ https://jfm1.app/?appkey=ayo1id&recommend=160829409,,图怪兽,,0
3d大小形态走势图带连线图,3d大小形态走势图带连线图彩宝网,稿定设计,,0
waittime时间等待指令用于程序中等待,,腾讯TIM ,,0
魔兽世界9.1术士那个天赋强势,魔兽世界9.1恶魔术士天赋,魔兽大脚,,0
饥荒怎么更改存档路径,饥荒安卓存档位置路径,饥荒 中文版,,0
我的皇姐不好惹漫画免费漫画下拉式酷漫画,,快看漫画 电脑版,,0
超变单职业传奇私服网站,,变态传奇,,0
UPS,ups,图怪兽,,0
国产动漫电影评分排行,国产动漫电影评分排行,电影,,0
温栩栩霍司爵大结局在线阅读,,九秀直播,,0
21章生命的发生和发展思维导图,,稿定设计,,0
奇瑞QQ防尘套安装视频,奇瑞qq防尘套怎么安装,九秀直播,,0
梦幻西游普陀武器打什么符石,梦幻西游普陀武器打什么宝石,梦幻西游:人人都玩,,0
mapjs飞点找不到图,,稿定设计,,0
天天干天天日天天射,天天喝天天多天天喝到六点多下句,天天向上,,0
华硕rt-ac88u路由器设置,华硕ac88u路由器怎么样,8uFTP上传工具,,0
詹姆斯皇冠logo高清图片,詹姆斯标志logo高清图片,logo设计软件大全,,0
将军令漫画免费阅读下拉式奇满屋,将军令漫画免费下拉式观看,快看漫画 电脑版,,0
excel表格查重怎么查,两个excel表格查重怎么查,永中Office 个人版,,0
梦幻西游账号被冻结了怎么办,梦幻西游手游账号被冻结怎么办,梦幻西游:人人都玩,,0
pr导出视频和声音分开了,pr导出蓝光视频声音分开了,九秀直播,,0
360浏览器阅读模式怎么关闭,360浏览器阅读模式在哪,360安全浏览器,,0
反映诺曼底登陆的电影有哪些,讲述诺曼底登陆的电影有哪些?,电影,,0
大冶英才学校招生电话,大冶英才学校2021招生电话,图怪兽,,0
宋亚轩图片,宋亚轩图片," 稿定设计",,0
山东乳山银滩地图,山东威海乳山银滩房价,百度地图app官方下载,,0
2021年北京cpa考试时间,2021年北京cpa考试时间及科目,问卷网,,0
按键精灵点击移动目标,按键精灵捕获移动目标,按键精灵正式版,,0
商山早行翻译和原文,商山早行翻译和原文拼音,金舟文档翻译软件,,0
矢量图,矢量图,稿定设计,,0
7a12ta@steam-mail.com,,Steam助手,,0
毕业论文答辩问题及参考答案,毕业论文答辩问题及参考答案酒店,毕业论文格式PPT模板,,0
excel插入正太分布图,用excel做正太分布图,永中Office 个人版,,0
AUTOCAD2020,autocad2020序列号和密钥,AutoCAD,,0
斗鱼苏恩,,斗鱼,,0
王者荣耀禁言后能语音吗,王者荣耀禁言30天怎么解决,王者荣耀,,0
时代少年团微博,时代少年团微博,新浪微博 官方下载,,0
兰州特产    思维导图,,稿定设计,,0
脑叶公司污图,脑叶公司污图,稿定设计,,0
饥荒上帝模式,饥荒上帝模式代码,饥荒 中文版,,0
中国复制克里米亚模式知乎,,知乎,,0
站zhanzhazhzzaazzzz啊aaaaaaa,,租号玩,,0
剪辑视频软件,剪辑视频软件,蜜蜂剪辑,,0
AX3600,ax3600,360安全卫士正式版,,0
dnf红眼pk技巧,dnf红眼pk技巧扫地,多玩DNF盒子,,0
四川人力资源和社会保障厅考试网,四川人力资源和社会保障厅考试网,问卷网,,0
PS选区转路径,ps选区转路径的快捷键,图怪兽,,0
单职业迷失传奇网站发布网,无赦单职业传奇网站,变态传奇,,0
映美打印机售后服务电话,映美打印机维修电话,驱动人生,,0
沙子贴图,沙子贴图渲染,稿定设计,,0
淘宝订单信息确认怎么设置,,淘宝网,,0
天龙八部附近列表,天龙八部附近列表快捷键,天龙八部手游,,0
ccf,ccf,穿越火线 电脑稳定版,,0
公式主力净占比幅图公式,主力净流入占比公式,稿定设计,,0
gta5线上模式进不去无法从rockstar,,侠盗猎车手5,,0
英雄联盟峡谷之巅的号可以回收吗,,lol英雄联盟百宝箱,,0
阿里巴巴美股,阿里巴巴美股实时价格,千牛工作平台,,0
新疆招生网,新疆招生网,图怪兽,,0
外地购买二手车如何办理手续,如何在外地购买二手车,58同城,,0
皇帝：龙之崛起密集,皇帝龙之崛起模拟器安卓,古墓丽影10：崛起,,0
因用人单位的原因导致三个月未支付经济补偿，劳动者请求解除竞业限制约定,,约定,,0
汪顺微博,汪顺微博,新浪微博 官方下载,,0
建安荀彧5sing,荀彧建安歌词,5sing原创音乐基地,,0
驱动精灵,驱动精灵,驱动人生,,0
拳皇k扔眼镜叫什么,,拳皇98终极之战OL,,0
火影忍者卡牌活动卡卡游,,火影忍者,,0
python 十进制转二进制,,Python for Windows,,0
为什么1929年美国股票大跌,1929年美国股票走势图,同花顺 (免费股票行情分析交易软件),,0
三国杀权重1的将,三国杀权重1武将,全面战争：三国,,0
摄图网,摄图网,稿定设计,,0
如图所示，质量为m等于20kg的木板q放在水平面上，质量为m等于10kg的物物，物体p放在木板上质量可忽略的电滑轮，用细绳一固定在竖直墙上，两物体用跨过定滑轮的细绳二连接在一起。,,稿定设计,,0
cad原地复制快捷键,cad移动复制快捷键,转转大师CAD编辑器,,0
kf.dd373.com/helpdetail/e8e4fa4198e9462786ab12378cfc5d41.html,,穿越火线 电脑稳定版,,0
中华会计网校,中华会计网校,环球网校,,0
双胞胎新生儿护理的步骤,新生儿每天护理的步骤,新生日记第2季,,0
5173账号交易平台,5173账号交易平台,5173游戏交易下载,,0
中国人民银行,中国人民银行征信中心,中国银行客户端电脑版 ,,0
中华会计网校,中华会计网校,环球网校,,0
product training,,UC浏览器电脑版,,0
lol10周年皮肤,lol10周年皮肤怎么领取,LoL皮肤美化大师,,0
sf1316042158403,,58同城,,0
冠华会计网校继续教育,冠华会计网校继续教育答案,环球网校,,0
nvidia驱动安装 sign the kernel module,,驱动人生,,0
http://wxld-0609.epof26f.cn/txy/jz47f10e56bacf69a43f5930d3e17065e8.html?jz=ajZLzPpqFc4OtMhZcppRWVn4MbDmkm5sX9sLJ1Tenao46RycwTGaCpw0n08FqOxMQiPq4yCVOWDUbTLhZW8Mke0RfOO2wUqxjdBJ&i=10&f=jz,,微信 电脑版,,0
乘法口诀表图片大图,乘法口诀表图片大图 九九乘法," 稿定设计",,0
刷360网站快速排名,放心的360快速排名,360安全卫士正式版,,0
www.ewt.360.com,,360安全卫士正式版,,0
小米11杀后台怎么解决,,小米手机助手,,0
一年级新生家长会发言稿,一年级新生家长会发言稿班主任,新生日记第2季,,0
三国战纪逐鹿中原,三国战纪逐鹿中原,全面战争：三国,,0
拼音字母表 26个 读法 视频教程,,九秀直播,,0
高中物理必修一教学视频,高中物理必修一,九秀直播,,0
我的世界神奇宝贝差不多娃娃在哪刷,我的世界神奇宝贝诅咒娃娃在哪,我的世界(Minecraft),,0
奥兹玛2阶段需要过图才有金牌吗,,稿定设计,,0
ppt插图卡通小人,ppt插图卡通小人可爱,永中Office 个人版,,0
胭楼记电影,胭楼记电影在线看,电影,,0
我的淘宝收货地址怎么改,淘宝收货地址怎么出现别人的,淘宝网,,0
闲鱼网站二手市场,闲鱼网站二手市场,58同城,,0
中国天气网天气预报,中国天气网天气预报,天气预报,,0
公务员哪里报名,公务员哪里报名,问卷网,,0
能配合三国的bgm,三国杀神配合,全面战争：三国,,0
漫画排行榜 热门漫画2020,,快看漫画 电脑版,,0
吉林省公务员考试网,吉林省公务员考试网,问卷网,,0
excel怎么画图,excel怎么画图xy显示函数,永中Office 个人版,,0
怎样快速刷新桌面,笔记本电脑怎样刷新桌面,漫兜兜免费壁纸,,0
大乐透走势图,大乐透走势图,稿定设计,,0
信用卡纠纷上诉状,信用卡纠纷上诉状范文,信用卡申请,,0
触摸解封免费漫画,触摸解封漫画11话,快看漫画 电脑版,,0
他说我是黑莲花漫画免费下拉式六漫画,他说我是黑莲花漫画免费下拉式六漫画77,快看漫画 电脑版,,0
dytt,dytto,抖音短视频电脑版,,0
CF-WU770N V2,,穿越火线 电脑稳定版,,0
传奇私服,传奇私服被抓,变态传奇,,0
YT5694583177072,,58同城,,0
王者荣耀 隐藏亲密图标,,王者荣耀,,0
Photoshop,photoshop,Photoshop CS6官方中文版,,0
苹果8评测,苹果8评测,苹果官网,,0
微博信用分怎么提升,微博信用分怎么快速提升,新浪微博 官方下载,,0
老电影,老电影数字修复包括哪两个部分,电影,,0
dnf巨龙花拿什么升级,dnf巨龙套需要什么精髓,多玩DNF盒子,,0
扫黑风暴在线观看免费完整版2021,,披荆斩棘的哥哥,,0
在职模板证明,在职员工证明模板,图怪兽,,0
苹果原装充电器,苹果原装充电器多少瓦,苹果官网,,0
河北省投资项目在线审批监管平台,河北省投资项目在线审批监管平台,九秀直播,,0
天下足球,天下足球,蓝鲸体育,,0
浩辰cad改变背景颜色,浩辰cad怎么改变背景颜色,转转大师CAD编辑器,,0
山西考试招生网,山西考试招生网,问卷网,,0
冰雪奇缘2壁纸,冰雪奇缘2壁纸,漫兜兜免费壁纸,,0
1.70复古传奇网站,170复古传奇网站,变态传奇,,0
YT5694583177072,,58同城,,0
一个手机号码可以注册几个微信号,一个手机号码可以注册几个微信号,微信 电脑版,,0
梦幻西游封系门派排行,梦幻西游封系门派排行2020,梦幻西游:人人都玩,,0
钉钉发送视频容量上限,qq发送视频容量上限怎么解决,钉钉,,0
中国邮政储蓄银行,中国邮政储蓄银行,中国银行客户端电脑版 ,,0
股权激励咨询公司排名前十,股权激励咨询公司收费,同花顺 (免费股票行情分析交易软件),,0
红领巾相约中国梦视频,红领巾相约中国梦视频舞蹈,九秀直播,,0
beyong their own time,,腾讯TIM ,,0
世界名画高清壁纸,世界名画高清壁纸手机壁纸,漫兜兜免费壁纸,,0
梦幻西游万怨出四神正常模式,梦幻西游 四神鼎之怨,梦幻西游:人人都玩,,0
603199九华旅游,603199九华旅游股吧,携程旅行网,,0
dnf2019金秋装扮外观,dnf2019金秋装扮外观,多玩DNF盒子,,0
火线精英至尊帝王账号密码,火线精英至尊帝王账号密码手机版,CF火线精英,,0
将温柔的你守护的方法漫画,将温柔的你守护的方法漫画免费下拉式,快看漫画 电脑版,,0
四川人事考试网,四川人力资源和社会保障厅考试网,问卷网,,0
JDVA08059077303,,京东,,0
抖音很火的文案,抖音很火的文案短句想火,抖音短视频电脑版,,0
wuydy,,抖音短视频电脑版,,0
燃气煲仔炉图片,燃气煲仔炉维修与保养," 稿定设计",,0
横屏海报,横屏海报," 稿定设计",,0
一级建造师 报考条件与允许报名专业,,问卷网,,0
LOL官网,lol官网,LoL皮肤美化大师,,0
黑龙江网通传奇私服,,变态传奇,,0
谷歌上网助手,谷歌上网助手,谷歌浏览器(Google Chrome),,0
网络插座接线图,网络插座接线图,稿定设计,,0
江苏省建设考试培训信息系统,江苏省建设考试培训信息系统,问卷网,,0
王者贵6充了多少钱,王者荣耀充多少钱,王者荣耀,,0
我的世界钻石装备的编号,我的世界合金装备和钻石装备,我的世界(Minecraft),,0
吴江底图,吴江地铁图,稿定设计,,0
银行卡半年没用还能打钱进去吗,银行卡三年没用了还能打钱吗,中国银行客户端电脑版 ,,0
CAD正交卡,cad正交卡顿的原因,转转大师CAD编辑器,,0
你好李焕英在哪能看,你好李焕英在哪能看免费的,你好，安怡,,0
真空断路器图片,真空断路器图片," 稿定设计",,0
创意卡通图片,创意卡通图片," 稿定设计",,0
问道怎么为好友送祝福,问道怎么给好友送祝福,问道,,0
博君一肖手机壳图片,博君一肖手机壳图片," 稿定设计",,0
唯品会,唯品会,唯品会,,0
gb/t 14583 1993,,58同城,,0
班级管理名师视频,小学班级管理名师培训视频,九秀直播,,0
iphone12尺寸,iphone12尺寸,苹果官网,,0
中高风险地图·,全国中高风险地区地图,百度地图app官方下载,,0
和平精英五指键位,和平精英五指键位,和平精英,,0
石头破损图片,井盖破损图片," 稿定设计",,0
穿越火线语音按了没反应,穿越火线语音按v没反应,穿越火线-枪战王者,,0
自然人投资控股法人是什么意思,自然人投资或控股的法人投资是什么意思,同花顺 (免费股票行情分析交易软件),,0
斗罗大陆史莱克七怪,斗罗大陆史莱克七怪,斗罗大陆2绝世唐门,,0
股票软件中的颜色英文,股票软件中的明细数字颜色,同花顺 (免费股票行情分析交易软件),,0
兔子警官朱迪图片,兔子警官朱迪图片什么电影," 稿定设计",,0
摄图网 创意,,稿定设计,,0
赵都邯郸平面图,邯郸植物园平面图,稿定设计,,0
逆道战神楚枫全集阅读,逆道战神楚枫全集阅读,战神遗迹,,0
苹果xs参数,苹果xs参数,苹果官网,,0
淘宝包装行业,淘宝包装行业回复技巧,淘宝网,,0
老旧小区改造项目施工组织设计,老旧小区改造项目简介," 稿定设计",,0
DNF米亚的通讯器,dnf米娅的通讯器任务,多玩DNF盒子,,0
三国志14吧,三国志14吧,三国志战略版,,0
颜色大全图片及名称,颜色大全图片及名称," 稿定设计",,0
大卫科波菲尔在线阅读免费,大卫科波菲尔在线阅读免费译林,九秀直播,,0
四川人力资源和社会保障厅考试网,四川人力资源和社会保障厅考试网,问卷网,,0
苹果醋的功效与作用,苹果醋的功效与作用,苹果官网,,0
国轩高科庄股,,同花顺 (免费股票行情分析交易软件),,0
按摩人体百合学位的视频,,九秀直播,,0
羊纸解说迷你世界,羊纸解说迷你世界全部视频,迷你世界,,0
拉布拉多幼犬图片,拉布拉多幼犬图片," 稿定设计",,0
只狼 爱哭鬼的指环,,只狼：影逝二度 中文版,,0
为了胜利向我开炮是什么电影,为了胜利向我开炮是什么电影,电影,,0
钱锟微博,钱锟微博,新浪微博 官方下载,,0
京北方信息技术股份有限公司,京北方信息技术股份有限公司,同花顺 (免费股票行情分析交易软件),,0
PS4手柄续航,ps4手柄续航,图怪兽,,0
驱动精灵,驱动精灵,驱动人生,,0
代练妈妈上传首图什么意思,代练妈妈没有上传首图会怎么样,稿定设计,,0
cf青柠,,穿越火线 电脑稳定版,,0
ps放大和缩小按键设置,ps缩小放大怎么设置,图怪兽,,0
巴士海峡地理位置及地图介绍,巴士海峡地理位置及地图介绍,百度地图app官方下载,,0
四川人力资源和社会保障厅考试网,四川人力资源和社会保障厅考试网,问卷网,,0
javascript,javascript,Java SE Development Kit(JDK) ,,0
如何将视频网站的视频添加为本地视频,,九秀直播,,0
https://www.51test.net/show/10301685.html,,.NET Framework,,0
iphone11充电支持多少w,如何快速充电vivo10分钟快速充电,苹果官网,,0
赵云裸图,,稿定设计,,0
国家开发银行生源地助学贷款系统,国家开发银行生源地助学贷款系统,中国银行客户端电脑版 ,,0
东区女巫第一季迅雷下载,发现女巫第一季迅雷下载,迅雷最新版,,0
邓晶晶的个人简历,邓晶晶的个人简历年龄,最美简历制作,,0
2021年二建考试成绩查询,2021年二建考试成绩查询时间,问卷网,,0
2022考研唐静翻译,2022考研英语唐静,金舟文档翻译软件,,0
SF1411686085858,,58同城,,0
华中科技大学图书馆,华中科技大学图书馆,稿定设计,,0
科三灯光模拟视频,科目三模拟灯光操作视频,九秀直播,,0
剑网三云绡面纱,剑网三云绡面纱给谁,剑网3:指尖江湖,,0
新疆招生网,新疆招生网,图怪兽,,0
冒险岛暗之爪技能,冒险岛暗之爪技能怎么获得,冒险岛游戏,,0
手绘黄河长江流域图,"黄河,长江流域图",稿定设计,,0
包贝尔结婚那段音乐,大红包包贝尔结婚的音乐,酷我音乐,,0
工商银行收不到短信怎么办,工商银行收不到短信验证码怎么弄,工商银行,,0
关于拼接的设计,面料拼接设计," 稿定设计",,0
公务员考试时间表2021年,公务员考试时间表2021年,问卷网,,0
正威集团办公楼内部图片,," 稿定设计",,0
我的末日女子军团漫画免费下拉式6漫画,,快看漫画 电脑版,,0
新疆招生网,新疆招生网,图怪兽,,0
49寸小米电视尺寸,小米49寸电视尺寸长宽,小米手机助手,,0
图片大于215*300（宽*高）像素，宽高比大于等于0.65且小于0.8,," 稿定设计",,0
小米粥的功效与作用,小米粥的功效与作用,小米手机助手,,0
东奥会计在线网课,东奥会计在线网课免费,九秀直播,,0
逆战女仆线索任务怎么做,逆战女仆任务线索7,逆战小游戏,,0
妙儿舞蹈,妙儿舞蹈艺校,九秀直播,,0
抖音怎么设置一个账号只能下单一次,,抖音短视频电脑版,,0
比特彗星怎么连接更多用户,比特彗星已连接用户,BitComet(比特彗星),,0
QQ截屏没办法截长图,因为截屏没办法看闪照怎么办,腾讯QQ 2019,,0
广西招生考试院,广西招生考试院,问卷网,,0
如何使一个表格一分为二,如何使表格在一页,永中Office 个人版,,0
中国人事考试网,中国人事考试网,问卷网,,0
autocad2019序列号和密钥,autocad2019序列号和密钥,AutoCAD,,0
中铁城际规划建设有限公司广西城市设计院,中铁城际规划建设有限公司深圳设计院," 稿定设计",,0
EXCEL应用技巧,职场excel应用技巧,永中Office 个人版,,0
psn港服,psn港服,图怪兽,,0
徽商银行交易平台,徽商银行交易平台打不开,中国银行客户端电脑版 ,,0
3ds冒险岛命运的少女攻略,3ds冒险岛命运的少女攻略秘籍,冒险岛游戏,,0
中国人事考试网,中国人事考试网,问卷网,,0
湖心亭看雪原文及翻译,湖心亭看雪原文及翻译,金舟文档翻译软件,,0
镇国战神,镇国战神,战神遗迹,,0
我的世界植物魔法精灵传送门,我的世界植物魔法精灵传送门,我的世界(Minecraft),,0
祖玛阁药店怎么走,祖玛阁药店怎么走到7层,祖玛,,0
晋江一中2021年高考喜报,晋江一中2019高考喜报,图怪兽,,0
小学美术课开学第一课PPT,小学美术课开学第一课教案,永中Office 个人版,,0
传奇私服,传奇私服被抓,变态传奇,,0
英威腾股吧,英威腾股吧,同花顺 (免费股票行情分析交易软件),,0
山东师范大学高等教育自学考试综合管理,山东师范大学高等教育自学考试综合管理平台,问卷网,,0
防疫登记表格式,防疫登记表格式图片,永中Office 个人版,,0
陈露晒霍尊聊天记录,陈露晒霍尊聊天记录全部,九秀直播,,0
与朱元思书原文及翻译,与朱元思书原文及翻译拼音,金舟文档翻译软件,,0
孝感传奇私服,,变态传奇,,0
华东理工大学图书馆,华东理工大学图书馆,稿定设计,,0
译林小学英语案例含教学意图,译林小学英语三年级上册教学视频,稿定设计,,0
k9583,k9583次列车时刻表,58同城,,0
东明一中新校区宿舍图片,东明一中新校区宿舍内部样貌," 稿定设计",,0
咪咕音乐,咪咕音乐,酷我音乐,,0
steam背景怎么买,steam资料背景怎么买,Steam助手,,0
4316499583805,,58同城,,0
上海教育考试院,上海教育考试院,问卷网,,0
https://dl.pconline.com.cn/download/2459919.html,,图怪兽,,0
江苏省二建考试查询时间,江苏省二建考试查询入口,问卷网,,0
在线视频没有声音怎么弄,手机在线视频有声音没图像怎么办,九秀直播,,0
wegame战绩未知,wegame战绩未知错误,Tencent WeGame（原TGP腾讯游戏平台）,,0
签订南京条约图片,南京条约的图片," 稿定设计",,0
排球扣球动作教学视频,排球扣球动作要领视频,九秀直播,,0
华为手机桌面上的电话图标没有了,华为手机桌面找不到电话,漫兜兜免费壁纸,,0
华硕z490是什么网卡,华硕z490网卡连不上,驱动人生,,0
岳阳楼记原文及翻译,岳阳楼记原文及翻译,金舟文档翻译软件,,0
平面设计需要学什么软件?,平面设计需要学什么软件?," 稿定设计",,0
psk,psk密码是wifi密码吗,图怪兽,,0
棉花现蕾期图片,棉花现蕾期的管理," 稿定设计",,0
火影忍者ol,火影忍者ol,火影忍者,,0
不得约定以审计为准,约定以审计结论为准,约定,,0
河南义务教育招生平台入口,河南义务教育招生平台忘记账号,图怪兽,,0
咪咕音乐网、,咪咕音乐,酷我音乐,,0
侠盗猎车手圣安地列斯秘籍,侠盗猎车手圣安地列斯秘籍,侠盗猎车手5,,0
cf8月传说夺宝,cf8月传说夺宝代金券怎么获得,穿越火线 电脑稳定版,,0
王小宝在直播间说岀于月仙死之前的反常行为,,六间房秀场,,0
DEStech Publications Inc.,,哔哩哔哩PC客户端,,0
迷你世界交版权费了吗,迷你世界交版权费了吗2021,迷你世界,,0
北京市新生儿疾病筛查管理办法,新生儿疾病筛查管理办法颁布时间,新生日记第2季,,0
天天看逼,,天天向上,,0
3d开奖直播,3d开奖直播,蓝鲸体育,,0
天龙八部怀旧服自动攻击怎么设置吃药,天龙八部怀旧服属性攻击成长,天龙八部手游,,0
淘宝大学,淘宝大学,淘宝网,,0
4k对显卡的要求是1080p的4倍吗,,驱动人生,,0
我的世界1.8起床战争材质包,我的世界起床战争材质包下载,我的世界(Minecraft),,0
薛平贵与王宝钏在线观看,薛平贵与王宝钏在线观看免费,披荆斩棘的哥哥,,0
英雄王座私服,,变态传奇,,0
梦幻西游神器攻略,梦幻西游神器攻略,梦幻西游:人人都玩,,0
tsc条码打印机官网,tsc条码打印机官网客服电话,驱动人生,,0
于月仙最后一次视频,于月仙最后一次亮相,九秀直播,,0
cf狙击枪排名,cf狙击枪排名英雄级,穿越火线 电脑稳定版,,0
三国志14战记,三国志14战记攻略,三国志战略版,,0
库洛米图片,库洛米图片," 稿定设计",,0
哪些运营岗位赚钱,运营岗位赚钱吗,多多云手机,,0
平安银行,平安银行服务电话,中国银行客户端电脑版 ,,0
字母Z设计,字母z设计图案设计," 稿定设计",,0
blilblil,blilblil,哔哩哔哩PC客户端,,0
洛克王国极光圣翼怎么打星辰塔,洛克王国极光圣翼怎么打星辰塔技巧,洛克王国记忆全能辅助,,0
Produced by,,UC浏览器电脑版,,0
我的世界 进暮色森林可以回来吗,,我的世界(Minecraft),,0
9865865048413,,58同城,,0
禁止插U盘,禁止插u盘设置,Ultraiso软碟通,,0
韩剧电影杀人犯心理路程,,电影,,0
TC 366与UC/OS集成,,UC浏览器电脑版,,0
vbs读取excel单元格,vbs读取excel数据,永中Office 个人版,,0
妙儿舞蹈艺校,妙儿舞蹈艺校汇报演出双截棍,九秀直播,,0
中国体育科技,中国体育科技,蓝鲸体育,,0
正手攻球标准动作视频,正手攻球标准动作视频,九秀直播,,0
“一年级新生”权益礼包,,新生日记第2季,,0
影帝承恩在线阅读,林影帝的小仙女在线阅读,九秀直播,,0
win10输入法禁用了怎么恢复,win10电脑输入法禁用了怎么恢复,2345王牌拼音输入法,,0
intouch程序.aaPKG怎么加密,,UC浏览器电脑版,,0
000963华东医药股票,000963华东医药股票行情,同花顺 (免费股票行情分析交易软件),,0
中国人民银行征信中心控件,中国人民银行征信中心控件点击没弹窗,中国银行客户端电脑版 ,,0
插入u盘电脑没显示，通知图标只有个弹出ultra这是怎么回事,,图怪兽,,0
"如图已知平面四边形ABCD，AB⊥BC,AB=BC=AD=2",如图在平面四边形,稿定设计,,0
www.initwords.com,,永中Office 个人版,,0
http://blog.sina.com.cn/s/articlelist_5386386399_3_1.html,,哔哩哔哩PC客户端,,0
软控股份,软控股份,同花顺 (免费股票行情分析交易软件),,0
pyttsx3改变声音的类型,手机怎么改变声音类型,变声宝宝 下载,,0
幼师报名时间2021,2021幼师报名时间,问卷网,,0
在ps里怎样在一张图片中插入另一张图片,," 稿定设计",,0
薛平贵与王宝钏在线观看,薛平贵与王宝钏在线观看免费,披荆斩棘的哥哥,,0
大港西苑小区房型图,天津大港西苑小区,稿定设计,,0
中华会计网校,中华会计网校,环球网校,,0
b站播放量前20,b站播放量前20的动漫,哔哩哔哩PC客户端,,0
顺能炫舞广场舞,顺能炫舞广场舞,炫舞时代 ,,0
设备维修档案模板,设备维修履历表模板,58同城,,0
太极拳初学入门视频24式教学,太极拳初学入门视频24式教学,九秀直播,,0
dnf开槽器在哪买,,多玩DNF盒子,,0
红警选取三星部队,红警怎么选取三星部队,红警共和国之辉,,0
河北人事考试网,,问卷网,,0
承诺书模板 公司,,图怪兽,,0
耽美漫画,,快看漫画 电脑版,,0
考试网,考试网,问卷网,,0
I've become so numb I can't feel you therebecome so tired so much more aware,,UC浏览器电脑版,,0
火柴人觉醒最强阵容,火柴人觉醒最强阵容贴吧,火柴人羽毛球,,0
使命召唤手游挑战模式,使命召唤手游挑战模式,使命召唤手游,,0
宫崎骏侧耳倾听图片,宫崎骏侧耳倾听图片高清," 稿定设计",,0
山东共生控股集团有限公司,山东共生控股集团有限公司招聘,同花顺 (免费股票行情分析交易软件),,0
教师副股考察材料,教师个人考察材料,同花顺 (免费股票行情分析交易软件),,0
均线与股价的关系,均线和股价的内在关系,同花顺 (免费股票行情分析交易软件),,0
二战电影狙击手最后一枪免费观看,"二战苏联狙击手,最后一枪电影在线观看",电影,,0
桃花宝典漫画看完看不懂原作,,快看漫画 电脑版,,0
天机神马在线影院,4399神马在线影院,九秀直播,,0
word文档下面怎样显示文档页数与求和,,永中Office 个人版,,0
手握门把图片,手握门把动画图," 稿定设计",,0
爆枪英雄修改器,爆枪英雄修改器哪个好,MP3Tag (MP3信息修改器) ,,0
华山医院专病门诊挂号时间,华山医院西院门诊挂号时间,挂号网上预约,,0
福建医工设计院,福建医工设计院有限公司," 稿定设计",,0
方正科技股吧,方正科技股吧东方财富,同花顺 (免费股票行情分析交易软件),,0
中国人事考试网,中国人事考试网,问卷网,,0
a8技术支持的方法指导教学设计,A8技术支持的方法指导教学设计," 稿定设计",,0
最高指挥官2修改器咋用,最高指挥官钢铁联盟修改器,MP3Tag (MP3信息修改器) ,,0
猫和老鼠汤姆喝药变小,猫和老鼠汤姆喝药变小是哪一集,猫和老鼠(正版授权),,0
dnf诺斯玛尔,dnf诺斯玛尔在哪里,多玩DNF盒子,,0
https://www.chenxisoft.com/CxSoft/AboutCX/ProduceDetail?SoftID=118,,UC浏览器电脑版,,0
空调外机构造图解,空调室外机构造图解,稿定设计,,0
游侠网,游侠网,游侠对战平台,,0
迷你世界放完雨林之眼后怎么没有boss,,迷你世界,,0
微信曾么不显示这个群聊,,微信 电脑版,,0
硫酸龙头股,硫酸龙头股票,同花顺 (免费股票行情分析交易软件),,0
宠物蛋单职业传奇私服,,变态传奇,,0
再见爱人第四期免费综艺在线观看,再见爱人第四期plus综艺在线观看,披荆斩棘的哥哥,,0
2022专八考试时间日期,2022考研报名时间及考试时间,问卷网,,0
游侠网,游侠网,游侠对战平台,,0
06ms201-2图集,06ms201-2图集,稿定设计,,0
ady映画进不去了,,抖音短视频电脑版,,0
内网部署https,,图怪兽,,0
苏州科技大学直播,苏州科技大学直播间,蓝鲸体育,,0
301032新柴股份股吧,301032新柴股份行业,同花顺 (免费股票行情分析交易软件),,0
BLANK,blank,哔哩哔哩PC客户端,,0
二手车买卖费用,二手车买卖费用,58同城,,0
二手书回收平台,二手书回收平台,58同城,,0
请将数据库或文件设为科协,,SQL Server自动安装程序,,0
英勇就义时响起的音乐烈火中永生,烈火中永生英勇就义时响起的音乐是,酷我音乐,,0
梦幻西游1无底洞4地府,梦幻西游1无底洞4地府还是1无底洞4女儿好,梦幻西游:人人都玩,,0
心灵奇旅在线播放免费,心灵奇旅在线播放免费,九秀直播,,0
zhongyuanzhenquan,,租号玩,,0
qqweiyun,qq微云在哪里打开,微云(腾讯网盘) ,,0
逃跑吧少年金库攻防小狐狸,逃跑吧少年金库攻防bug,逃跑吧！少年,,0
现在三国志出到几了,三国志出到几了?,三国志战略版,,0
https://www.iproxy26.best/movie/appmovie.html,,图怪兽,,0
成人a黄色电影,,电影,,0
潘多拉之心哔哩哔哩,潘多拉之心哔哩哔哩在线观看,哔哩哔哩PC客户端,,0
四川人力资源和社会保障厅考试网,四川人力资源和社会保障厅考试网,问卷网,,0
喜马拉雅有声制作平台(配音任务),喜马拉雅有声制作平台(配音任务),喜马拉雅FM电脑版,,0
传奇私服超变迷失,,变态传奇,,0
陆铭北境战神,陆铭北境战神笔趣阁,战神遗迹,,0
7k7ktanke,,7k7k游戏盒,,0
斗罗大陆5重生唐三,斗罗大陆5重生唐三漫画免费阅读,斗罗大陆2绝世唐门,,0
爱情公寓第几集吕子乔翻译,,金舟文档翻译软件,,0
go time.sletp,,腾讯TIM ,,0
抖音幽默背景音乐,抖音日落背景音乐,酷我音乐,,0
DNF神兽龙袍,dnf神兽龙袍外观,多玩DNF盒子,,0
参考消息电子版在线阅读,参考消息电子版在线阅读环球时报消息,九秀直播,,0
word文档怎么排版,word文档怎么排版,永中Office 个人版,,0
The IDE is running low on memory and this might affect performance. Please consider increasing available heap.,,哔哩哔哩PC客户端,,0
结束python程序时默认操作,python程序的默认扩展名,Python for Windows,,0
逆战永恒的珍宝怎么获得,逆战永恒的珍宝任务怎么做,逆战小游戏,,0
迷你世界竹林地形码最新2021,迷你世界竹林地形码最新2020,迷你世界,,0
链接：https://www.picbling.com/download,,图怪兽,,0
苹果手机没有网络可以查到位置吗,,苹果官网,,0
种田之护妻有道,种田之护妻有道全文免费阅读,有道词典,,0
小米手机指南针不显示经纬度怎么回事,,小米手机助手,,0
吴亦凡选妃现场视频,吴亦凡选妃现场,九秀直播,,0
父与子74优酷网,,优酷视频客户端,,0
2021年7月24号美国最新摔跤赛事,,蓝鲸体育,,0
怎么把QQ空间的日志背景改成别的颜色,,QQ空间,,0
学生竞选班干部ppt模板,学生竞选班干部ppt模板怎么做," 稿定设计",,0
中国人事考试网,中国人事考试网,问卷网,,0
人力资源社会保障部 国家卫生计生委民政部 财政部 中国残联关于新增部分医疗 康复项目纳入基本医疗保障 支付范围的通知,,图怪兽,,0
战争雷霆335,战争雷霆335b2,雷霆战将,,0
含羞草视频研究所,,九秀直播,,0
第一份高考试卷,中国第一份高考试卷,问卷网,,0
魔兽世界80级什么职业吃香,魔兽世界80级什么职业好玩,魔兽大脚,,0
房门锁的结构图解大全,车门锁的结构图解大全,稿定设计,,0
ps怎么提取线稿,ps怎么提取线稿透明底,图怪兽,,0
4399三国杀,4399三国杀,全面战争：三国,,0
吞噬星空动漫在线观看免费,吞噬星空动漫在线观看免费,披荆斩棘的哥哥,,0
电视台事业单位考试,电视台事业单位考试考什么,问卷网,,0
雪铁龙凡尔赛C5X青岩灰图,,稿定设计,,0
浦发银行网银,浦发银行网银,中国银行客户端电脑版 ,,0
ps裁剪怎么自由裁剪,ps裁剪工具自由裁剪的快捷键,图怪兽,,0
王者被误封有没有办法解除,王者荣耀有没有办法,王者荣耀,,0
阿儞陀经讲解视频,小道阿浪视频讲解,九秀直播,,0
斗鱼主播排行,斗鱼主播排行,斗鱼,,0
" 根据下表内容及相关图示，回答下列有关生物学实验的问题。  编号  实验材料  实验试剂  实验目的  1  新鲜的菠菜叶片  无水乙醇、CaCO3、SiO2、层析液  提取和分离叶绿体中的色素  2  紫色洋葱表皮细胞  蒸馏水、蔗糖溶液  观察植物细胞的质壁分离与复原  ( 1 )  度取新鲜菠菜叶片烘干粉碎，提取光合色素时，若甲组未加入碳酸钙，与加入碳酸钙的乙组相比，甲组的提取液颜色会偏 1 。分离光合色素时，由于不同色素在层析液中的 2 不同，导致4种色素随层析液在滤纸条上的 3 不同而出现色素带分层的现象。",,稿定设计,,0
体彩开奖直播,体彩开奖直播,蓝鲸体育,,0
PPT照片变原形,ppt照片变圆角,永中Office 个人版,,0
维棠可以下载哪些网站的视频,,九秀直播,,0
玩荒野行动卡顿怎么办,玩荒野行动pc卡顿怎么办,荒野行动 电脑版,,0
天天虐腹多久能有腹肌,,天天向上,,0
摄影工作室装修设计图,摄影工作室的设计装修," 稿定设计",,0
2021年电影《中国医生》中，那一封封红色的请战书,,电影,,0
大众汽车报价及图片,大众汽车报价及图片," 稿定设计",,0
手动电锤图片,电锤钻头图片," 稿定设计",,0
海星股份,海星股份,同花顺 (免费股票行情分析交易软件),,0
大话西游2法术熟练度和伤害的关系,大话西游法术熟练度和伤害的计算,大话西游2,,0
人类制造恐龙的电影,人类制造恐龙的电影被困在地下,电影,,0
适合婴儿和老年人吃的红蕉黄蕉苹果为什么没有了,,苹果官网,,0
假如 漫威 迅雷下载,,迅雷最新版,,0
origin战地五怎么绑定steam,steam怎么绑定origin战地1,Steam助手,,0
cpu天梯图,cpu天梯图2021最新版,稿定设计,,0
驱动精灵,驱动精灵,驱动人生,,0
云班课在线登录平台,云班课在线登录平台,九秀直播,,0
从哪里可以免费玩单机游戏,,快吧游戏盒,,0
体育课女同学俯卧撑,体育课俯卧撑教案,蓝鲸体育,,0
电脑系统进程一直跳动,电脑系统进程一直偷网,老毛桃U盘启动盘制作工具,,0
洛克王国账号密码大全2021,洛克王国账号密码大全2020,洛克王国记忆全能辅助,,0
招商政策图片,红星美凯龙招商政策," 稿定设计",,0
understandable,understandable,哔哩哔哩PC客户端,,0
JavaWeb 第四单元练习手册,,Java SE Development Kit(JDK) ,,0
360wifi,360wifi,360安全卫士正式版,,0
四川人事考试网,四川人力资源和社会保障厅考试网,问卷网,,0
时光代理人白黑cp车图,时光代理人白黑cp同人文,稿定设计,,0
冯巩电影万恶之泉,,电影,,0
天龙八部门派选择,天龙八部门派选择2020,天龙八部手游,,0
我军图像通信的应用情况,光纤最早应用在图像通信,稿定设计,,0
屁股眼上长了疙瘩还疼这是为什么,屁股眼上长了疙瘩还疼用什么药,同花顺 (免费股票行情分析交易软件),,0
速度与激情9特别行动高清免费完整版,速度与激情9特别行动高清免费完整版国语,爱拍剪辑,,0
ayzhoutupian,,租号玩,,0
qq群个人头衔怎么设置,qq群专属头衔怎么设置颜色,腾讯QQ 2019,,0
股吧,股吧东方财富网股吧,同花顺 (免费股票行情分析交易软件),,0
photoshop,photoshop,Photoshop CS6官方中文版,,0
"厉总夫人,她罪不至死 百度云",,百度网盘(原百度云管家),,0
中望cad2021激活码和序列号,中望cad2021激活码和序列号32位,转转大师CAD编辑器,,0
whatsapp怎么和陌生人聊天,whatsapp怎么跟陌生人聊天不会拒绝你,九秀直播,,0
蓝山office编辑好的两页打印时变为一页,,永中Office 个人版,,0
雪铁龙凡尔赛C5X青岩灰图,,稿定设计,,0
广场舞爱你久久背面视频,小龙女广场舞爱你久久,九秀直播,,0
山西招生考试网,山西招生考试网,问卷网,,0
展厅设计公司,展厅设计公司排名," 稿定设计",,0
金鳞岂是城中物一遇风云便化龙全诗,金鳞,风云视频转换器,,0
欧陆风云4汉化补丁怎么用,欧陆风云4steam汉化补丁怎么用,风云视频转换器,,0
approximately,approximately,喜马拉雅FM电脑版,,0
www.ybcf.com,,穿越火线 电脑稳定版,,0
安徽省教育招生考试网,安徽招生院校官网,问卷网,,0
火狐怎么关闭拦截功能,手机火狐怎么关闭拦截功能,Firefox(火狐浏览器),,0
怎么给表格做下拉菜单,excel表格选择下拉菜单男女,永中Office 个人版,,0
三轮房车旅游,三轮电动房车旅游用的价格,携程旅行网,,0
形象设计,形象设计," 稿定设计",,0
梦幻西游迷宫之主攻略,梦幻西游迷宫道人攻略,梦幻西游:人人都玩,,0
球泡灯的设计规范,防爆灯设计规范," 稿定设计",,0
足球2021 007胜011胜什么意思,,蓝鲸体育,,0
明日之后仲夏之梦怎么进,明日之后仲夏之梦营地,明日之后(第三季),,0
篮球架,篮球架尺寸和高度,蓝鲸体育,,0
真三国无双7猛将传,真三国无双7猛将传,全面战争：三国,,0
充电插头贴图,汽车手机充电插头,稿定设计,,0
博物馆平面图,博物馆平面图,稿定设计,,0
抖音淘特背景音乐,抖音日落背景音乐,酷我音乐,,0
河南省教师资格证2021下半年报名,河南省教师资格证2021下半年报名时间,问卷网,,0
yy7彩旗下主播在线视频,,九秀直播,,0
hps吉他什么意思,吉他hps都是什么意思,图怪兽,,0
学信网报告编号在哪里查询,学信网的报告编号在哪里获取,学信网,,0
WORD表格怎么设计当前页眉与上一页不同,,永中Office 个人版,,0
谤法:在此矣迅雷下载,谤法:在此矣迅雷下载 720P 下载,迅雷最新版,,0
600198大唐电信股吧,600198大唐电信股吧,同花顺 (免费股票行情分析交易软件),,0
爆枪英雄修改器,爆枪英雄修改器哪个好,MP3Tag (MP3信息修改器) ,,0
南通考试人才网,南通卫生人才网,问卷网,,0
PCL启动器如何装64位Java,,Java SE Development Kit(JDK) ,,0
鼓谱符号图解,非洲鼓谱符号图解,稿定设计,,0
点击windows图标没反应,win10点击windows图标没反应,稿定设计,,0
https://pan.baidu.com/s/1nZsQEjXnmKDiemA-J40PBA,,图怪兽,,0
双色球走势图带连线图,双色球走势图带连线图,稿定设计,,0
腾讯视频如何授权别人登录,腾讯视频怎么授权别人登录,腾讯视频 官方下载,,0
电脑上的快吧游戏卸载不了,,快吧游戏盒,,0
pdf如何降分辨率,pdf如何降低分辨率,转转大师pdf转换器,,0
中国地图,中国地图,百度地图app官方下载,,0
四川人力资源和社会保障厅考试网,四川人力资源和社会保障厅考试网,问卷网,,0
电视机无音频信号输出端口,,迅捷音频转换器,,0
四川人事考试网,四川人力资源和社会保障厅考试网,问卷网,,0
4399shuangshengpuke,,GPU-Z(显卡检测工具),,0
中国地图,中国地图,百度地图app官方下载,,0
cpu性能天梯图,cpu性能天梯图,稿定设计,,0
" 四川省人力资源和社会保障厅人事考试专栏",,问卷网,,0
郑州大学研究生招生官网,郑州大学研究生招生官网,图怪兽,,0
土地使用权占总资产比例超过20%  为什么要重新核定股权转让,,同花顺 (免费股票行情分析交易软件),,0
wps表格用出生日期算岁数,wps表格提取出生日期,WPS Office中文版,,0
cangua jiawuzhongrizhanzheng,,租号玩,,0
zhukuai,注会,租号玩,,0
只狼存档位置在哪,steam只狼存档位置在哪,只狼：影逝二度 中文版,,0
信威集团400106股吧,600485信威集团股吧400106,同花顺 (免费股票行情分析交易软件),,0
家长报名课程孩子不想上,报名课程家长要和孩子商量,问卷网,,0
儿童音乐,儿童音乐大全300首免费听,酷我音乐,,0
冒险岛弱火怪,冒险岛弱火怪物,冒险岛游戏,,0
彩虹六号ubisoft connect皮肤,,彩虹六号围攻行动,,0
中华会计网校实操课程,中华会计网校实操课程怎么样,环球网校,,0
新开传奇1.76元素sf,新开中变传奇1.76,变态传奇,,0
生白术和炒白术图片,生白术和炒白术的区别图片," 稿定设计",,0
神奇的工作室CF微软,神奇工作室cf开挂教程,穿越火线 电脑稳定版,,0
ps.zhiwangvip.com/index/cnxfj,,租号玩,,0
win10下载没有桌面选项,win10此电脑没有桌面选项,漫兜兜免费壁纸,,0
" java.lang.NullPointerException: Attempt to invoke virtual method 'void android.widget.TextView.setText(java.lang.CharSequence)' on a null object reference",,Java SE Development Kit(JDK) ,,0
新生代奥特曼 全登场怪兽比例图,,新生日记第2季,,0
微信安全码在哪里查看,微信安全码在哪里查看,微信 电脑版,,0
新生入学需要核算检测吗,新生入学需要核酸检测吗,新生日记第2季,,0
痴母在线,,九秀直播,,0
紫蓝边筐素材,,稿定设计,,0
贵阳市网约车资格证考试题库,贵阳市网约车资格证报名系统登录,问卷网,,0
阿里巴巴国际站,阿里巴巴国际站,千牛工作平台,,0
reproductive science,,UC浏览器电脑版,,0
摄图,摄图网,稿定设计,,0
中国地图,中国地图,百度地图app官方下载,,0
亚洲性图,,稿定设计,,0
ppt中如何删除文本框,ppt中如何删除文本框,永中Office 个人版,,0
高等代数哔哩哔哩,高等代数哔哩哔哩资料下载,哔哩哔哩PC客户端,,0
LOL载入不进去,lol载入不进去一直卡在30%,LoL皮肤美化大师,,0
haaiyangshijei,,哎呀好身材第二季,,0
ps怎么把透明的调的更好看,,图怪兽,,0
lol塔姆皮肤大厨,lol塔姆五星大厨皮肤,LoL皮肤美化大师,,0
大乐透走势图,大乐透走势图,稿定设计,,0
KX170S MC Hydraulic Upper Support Block with Sleeve Bearing,,哔哩哔哩PC客户端,,0
逐梦曦b站up主,空天逐梦up主,哔哩哔哩PC客户端,,0
交警队周六周日上班吗?,交警队周六周日上班吗?,日上免税店app,,0
京津冀消协网络游戏专题消费教育短视频播放量达5096万次,,抖音短视频电脑版,,0
齐腰襦裙图片,齐腰襦裙图片卡通," 稿定设计",,0
你好李焕英,你好李焕英,你好，安怡,,0
www.888ppt.com,,永中Office 个人版,,0
大乐透综合走势图新浪,大乐透综合走势图新浪,稿定设计,,0
www.uhaozu.com,,U号租,,0
快手700亿黄钻是多少钱,快手700亿黄钻是多少人民币,快手 电脑版,,0
包图网,包图网,稿定设计,,0
薛平贵与王宝钏在线观看,薛平贵与王宝钏在线观看免费,披荆斩棘的哥哥,,0
叶罗丽漫画番外冰莲花,精灵梦叶罗丽漫画番外冰莲花,快看漫画 电脑版,,0
股票怎么样会终止上市,股票终止上市怎么办,同花顺 (免费股票行情分析交易软件),,0
魔兽世界tbc奶萨一键宏,魔兽世界tbc奶萨装备起步,魔兽大脚,,0
刻在你心底的名字在线观看,刻在你心底的名字在线观看,披荆斩棘的哥哥,,0
双屏 图标 消失,,稿定设计,,0
寒门崛起,寒门崛起,古墓丽影10：崛起,,0
中国人事考试网,中国人事考试网,问卷网,,0
https://static.qspfw.moe.gov.cn/xf2021/index.html,,图怪兽,,0
贵阳学院图书馆,贵阳学院图书馆,稿定设计,,0
繁体字转换器,繁体字转换器,风云视频转换器,,0
photoshoop,photoshop,Photoshop CS6官方中文版,,0
成都地铁线路图,成都地铁线路图,稿定设计,,0
qt截图功能,qt实现截图功能,金舟截图软件,,0
京颐512考试教育网,京颐512考试教育网,问卷网,,0
邛崃楠木溪天气预报查询一周天气,邛崃楠木溪天气预报实时,天气预报,,0
传奇私服,传奇私服被抓,变态传奇,,0
昂立教育软件下载,朗朗教育软件下载,多特软件站,,0
最高人民法院关于适用《诉讼费用交纳办法》的通知,,图怪兽,,0
从澳门风云解锁无限天赋免费全文,从澳门风云解锁无限天赋免费阅读,风云视频转换器,,0
https://www3.wipo.int/designdb/en/index.jsp,,图怪兽,,0
红姐统一历史图库 彩图开奖结果,,稿定设计,,0
传奇3强元素跟魔防,传奇3强元素相当于多少魔防,变态传奇,,0
六间房珍爱在哪里直播,六间房手机直播在哪里可以放音乐,六间房秀场,,0
中国人事考试网,中国人事考试网,问卷网,,0
ppt中如何点击一个出现一个,ppt如何点击一下出现一页,永中Office 个人版,,0
浙江省建设考试培训网,江西省建设考试培训网,问卷网,,0
酒店共用wifi,酒店共用卫生间啥意思,携程旅行网,,0
河北经济生活频道在线直播,河北经济生活频道在线直播回放,六间房秀场,,0
中国工商银行,中国工商银行,工商银行,,0
四川人力资源和社会保障厅考试网,四川人力资源和社会保障厅考试网,问卷网,,0
邓紫棋个人简历资料,邓紫棋个人简历资料多高,最美简历制作,,0
包图网,包图网,稿定设计,,0
模拟人生4多少个地图,模拟人生4有多少地图,百度地图app官方下载,,0
至尊神级系统漫画免费观看下拉式六漫画,,快看漫画 电脑版,,0
Crucial MX200 SSD 坏了,,UC浏览器电脑版,,0
wps取消隐藏,wps取消隐藏表格怎么操作,WPS Office中文版,,0
施工图梁尺寸后面的Y是什么意思,在施工图中标注的尺寸的单位是什么,稿定设计,,0
kaduchong,咔嘟宠物零食,UC浏览器电脑版,,0
大众车机行驶中看视频,,九秀直播,,0
ppt文件打不开是什么原因,ppt文件打不开是什么原因文件格式,永中Office 个人版,,0
中国人事考试网,中国人事考试网,问卷网,,0
全国统考网上报名入口官网,统考网上报名入口官网,问卷网,,0
游戏王剧场版超融合字幕下载,游戏王剧场版超融合超越时空,爱拍剪辑,,0
我们的重制人生樱花动漫,我们的重制人生樱花动漫在线观看,樱花动漫网,,0
k歌最高等级,全民k歌最高等级,酷我K歌,,0
sf999传奇新服网,传奇复古找服网,变态传奇,,0
别人用我的腾讯视频,别人用我的腾讯视频会员怎么登录,腾讯视频 官方下载,,0
动物交配视频,动物是怎么交流配的,九秀直播,,0
ps怎么点击小圆圈调出曲线,,图怪兽,,0
樱花校园模拟器,樱花校园模拟器,雷电模拟器,,0
bduck和gduck哪个是小黄鸭正品,dior kenny scharf,UC浏览器电脑版,,0
excel表格打印预览不完整如何调整,excel表格打印预览不完整如何调整,永中Office 个人版,,0
中国高等教育学生信息网(学信网),中国高等教育学生信息网(学信网),学信网,,0
excel同数据相加,excel同一个人的数据相加,永中Office 个人版,,0
mmreduct,,UC浏览器电脑版,,0
江南-名家美文，蜻蜓FM,,蜻蜓FM收音机,,0
苹果ipad2能不能插转接头,,苹果官网,,0
网通超变态传奇私服,,变态传奇,,0
新疆天业股票公开发行可转债,股票公开发行可转债是利好吗,同花顺 (免费股票行情分析交易软件),,0
海南橡胶股票股吧,海南橡胶股票股吧,同花顺 (免费股票行情分析交易软件),,0
张飞怎么玩 知乎,,知乎,,0
滴答滴滴答滴抖音歌曲,滴答滴滴答滴抖音歌曲歌词,抖音短视频电脑版,,0
初中招生学生信息采集入口,初中招生学生报名采集入口,图怪兽,,0
dnf战令第6期装扮礼盒,dnf战令第四季武器装扮,多玩DNF盒子,,0
你好 对方辩友2,,你好，安怡,,0
csgo升段,csgo升段机制,穿越火线CF,,0
" 18539358788",,58同城,,0
中国人事考试网,中国人事考试网,问卷网,,0
包图网,包图网,稿定设计,,0
AI高清畫質2K修復-千人斬探花-極品美乳高顏值胸型色澤完美鲍鱼也很粉嫩，AV視角近景掰穴全面展示,,爱拍剪辑,,0
dnf卢克西对乌鸡一绝有效果吗？ ,,多玩DNF盒子,,0
悬崖上的金鱼姬中日双语字幕,,爱拍剪辑,,0
神火股份,神火股份,同花顺 (免费股票行情分析交易软件),,0
流浪美女歌手演唱视频,黄山美女歌手演唱视频,九秀直播,,0
联想经典壁纸,联想经典壁纸是哪个地方的,漫兜兜免费壁纸,,0
可供出售金融资产与长期股权投资的区别,可供出售金融资产和长期股权投资的关系,同花顺 (免费股票行情分析交易软件),,0
CF IE缓存,,穿越火线 电脑稳定版,,0
画图软件怎么加背景,"在画图软件中,怎么把背景白色去掉",画图 V2.8,,0
www.bibizy.net,,哔哩哔哩PC客户端,,0
问道一个队伍能出几个神通,,问道,,0
黃河入海口影像图片,山东黄河入海口图片," 稿定设计",,0
恋夜性场电影2天更新,,电影,,0
驱动精灵,驱动精灵,驱动人生,,0
cad标注整数怎么调,cad标注怎么弄成整数,转转大师CAD编辑器,,0
英雄联盟没有人机了,英雄联盟人机脚本,lol英雄联盟百宝箱,,0
建筑公司分管经营的办公室主任,建筑公司的办公室主任的岗位职责,永中Office 个人版,,0
甜蜜选择2,甜蜜选择2,甜蜜,,0
天龙八部怀旧版自动打图,天龙八部怀旧版怎么打图,天龙八部手游,,0
惊悚旅游团[无限流,惊悚旅游团[无限流]格格党,携程旅行网,,0
厨房橱柜效果图,厨房橱柜效果图,稿定设计,,0
河南省义务教育招生服务平台,河南省义务教育招生服务平台报名,图怪兽,,0
安徽省考试网,安徽省考试网,问卷网,,0
中国演出经纪人资格证官网报名,中国演出行业协会经纪人资格证官网,问卷网,,0
沙钢股份,沙钢股份,同花顺 (免费股票行情分析交易软件),,0
韦恩图解密洋葱视频在线,,九秀直播,,0
苹果ipad忘记锁屏密码怎么办,苹果ipad忘记锁屏密码怎么办,苹果官网,,0
赘婿韩三千,赘婿韩三千全文免费阅读小说最新章节,赘婿,,0
云端芯片概念股,真正芯片概念股,同花顺 (免费股票行情分析交易软件),,0
中国工商银行,中国工商银行,工商银行,,0
手机三国杀司马徽为什么没有了,三国杀司马徽为什么强,全面战争：三国,,0
苹果id锁查询工具,苹果id锁查询工具手机版,苹果官网,,0
河北二建考试结果公布时间2021,河北二建考试结果公布时间2021年,问卷网,,0
一年级看哪些经典电影,适合一年级看的经典电影,电影,,0
侠客风云传前传MOD,侠客风云传前传mod怎么用,风云视频转换器,,0
汽车之家818全球汽车夜,汽车之家818全球汽车夜节目单,汽车之家客户端,,0
四川省人力资源和社会保障厅人事考试专栏,,问卷网,,0
海棠书屋自由阅读在线阅读网站,海棠书屋自由阅读在线阅读网站下载,九秀直播,,0
vivo y66怎么刷机,,线刷宝,,0
pdd商家后台,pdd退款商家不退,拼多多商家工作台,,0
